Curve,FPR,TPR,TPR_Lower,TPR_Upper,AUC,AUC_CI_Lower,AUC_CI_Upper
Fusion,0.0,0.0,0.0,0.0,0.8453843478177807,0.821411480963467,0.868524528261723
Fusion,0.005025125628140704,0.047850529896779265,0.0018411174511165456,0.15953314326443324,,,
Fusion,0.010050251256281407,0.08555284661440819,0.005554029304029305,0.18740405519656983,,,
Fusion,0.01507537688442211,0.12461511731227361,0.044709623538481305,0.20677505606348112,,,
Fusion,0.020100502512562814,0.16108270949974862,0.0727108927108927,0.22850502137814455,,,
Fusion,0.02512562814070352,0.18672147435081737,0.08364604969878478,0.3064403509614615,,,
Fusion,0.03015075376884422,0.21038993939950854,0.1402657056510925,0.34768788090524433,,,
Fusion,0.035175879396984924,0.23900686502633714,0.16017454434635575,0.3924827188940092,,,
Fusion,0.04020100502512563,0.27236055401084147,0.1734360319021086,0.42735384771398893,,,
Fusion,0.04522613065326633,0.3072450130312858,0.18444491558981535,0.4466530311874321,,,
Fusion,0.05025125628140704,0.3428488585067496,0.19550661046654608,0.4690467716102312,,,
Fusion,0.05527638190954774,0.37514897256203544,0.21857092583360216,0.49144195954983627,,,
Fusion,0.06030150753768844,0.4031710119019808,0.2526961980030572,0.5069394062335926,,,
Fusion,0.06532663316582915,0.42590665620081053,0.305349568076328,0.5267079546129626,,,
Fusion,0.07035175879396985,0.44710209918931315,0.33393296432964326,0.5352703307098775,,,
Fusion,0.07537688442211056,0.46322963786885657,0.36052363971635054,0.5487612693480262,,,
Fusion,0.08040201005025126,0.48007863192061484,0.39434239753948297,0.5626295501797582,,,
Fusion,0.08542713567839195,0.4946171104386807,0.4125609507812898,0.5821286998742399,,,
Fusion,0.09045226130653267,0.5089260226284212,0.429097605893186,0.5965704223112076,,,
Fusion,0.09547738693467336,0.5237862783425244,0.44244795767329076,0.6153913043478261,,,
Fusion,0.10050251256281408,0.5376603142728289,0.4532074487463982,0.6257118420409559,,,
Fusion,0.10552763819095477,0.5504864458494059,0.469420320018061,0.6347595440185742,,,
Fusion,0.11055276381909548,0.5643424332075204,0.48198872338664056,0.6459165742397746,,,
Fusion,0.11557788944723618,0.5771854811276472,0.4952557151893015,0.6555180157549937,,,
Fusion,0.12060301507537688,0.5894407425055617,0.5045017337196599,0.6641690336106039,,,
Fusion,0.12562814070351758,0.6018287043762843,0.5154757715280018,0.6727985739750445,,,
Fusion,0.1306532663316583,0.6123520063933336,0.5292966220158896,0.6832765078174161,,,
Fusion,0.135678391959799,0.6232137361653719,0.5450998687355512,0.6908942192704497,,,
Fusion,0.1407035175879397,0.6330308398736771,0.5598912715191785,0.7014243881690878,,,
Fusion,0.1457286432160804,0.642313264211959,0.5734273119057802,0.7065886213174194,,,
Fusion,0.15075376884422112,0.6514333446491071,0.5855336172409343,0.7129059506158759,,,
Fusion,0.15577889447236182,0.6601058622198106,0.5964819456047525,0.7201375166350769,,,
Fusion,0.16080402010050251,0.6675161409535885,0.6045081194258863,0.7267662971322357,,,
Fusion,0.1658291457286432,0.6749972936554838,0.6095293928686155,0.7310025154720149,,,
Fusion,0.1708542713567839,0.6816769413479028,0.6183602205243002,0.740272471668956,,,
Fusion,0.17587939698492464,0.6890324813638601,0.6310782853916118,0.7565240962232639,,,
Fusion,0.18090452261306533,0.6961165533764184,0.6374298452744406,0.7713820541258464,,,
Fusion,0.18592964824120603,0.7031357890470022,0.6447856468923222,0.7802753685813348,,,
Fusion,0.19095477386934673,0.7107481904005931,0.6503580137212762,0.790056953823068,,,
Fusion,0.19597989949748745,0.718725131595008,0.6552899708464415,0.7989306102412885,,,
Fusion,0.20100502512562815,0.7280555537222936,0.6630127727463793,0.8057335814562223,,,
Fusion,0.20603015075376885,0.737514742776039,0.6685075366322363,0.8130575849152559,,,
Fusion,0.21105527638190955,0.7471990206032865,0.6731440224310209,0.8183671745259335,,,
Fusion,0.21608040201005024,0.7564476890515395,0.6763574856832917,0.8244802997898153,,,
Fusion,0.22110552763819097,0.765569280573749,0.6825066591679145,0.8291870557465567,,,
Fusion,0.22613065326633167,0.7740275011132484,0.6914883730127344,0.8355049819071837,,,
Fusion,0.23115577889447236,0.782393552744037,0.6998191681735986,0.8387728405246543,,,
Fusion,0.23618090452261306,0.7897207177446071,0.7127364058926244,0.8420155485645578,,,
Fusion,0.24120603015075376,0.7967443949859446,0.7282977616758733,0.8467023172905526,,,
Fusion,0.24623115577889448,0.8032245564687968,0.7377231097644952,0.8493207238909136,,,
Fusion,0.25125628140703515,0.8085066802891472,0.7476575296271317,0.8535273508137432,,,
Fusion,0.2562814070351759,0.8135740446157551,0.7585185597173907,0.8568774086831964,,,
Fusion,0.2613065326633166,0.8181177168872467,0.7660017559564799,0.8596819018593471,,,
Fusion,0.2663316582914573,0.8224446317104995,0.7737830696792114,0.8624633738641058,,,
Fusion,0.271356783919598,0.8265868317125894,0.777975758976568,0.8652238474490481,,,
Fusion,0.2763819095477387,0.8304388893438178,0.783633083411434,0.8681009006473402,,,
Fusion,0.2814070351758794,0.8338590275336503,0.7872569573283859,0.8711460964032047,,,
Fusion,0.2864321608040201,0.8373072272005465,0.7935970015663459,0.8727956878915945,,,
Fusion,0.2914572864321608,0.840321765174975,0.7984624654574166,0.8767618391508472,,,
Fusion,0.2964824120603015,0.843291292033724,0.8033379968977159,0.8787373234982854,,,
Fusion,0.30150753768844224,0.8462995131414145,0.8079686573411937,0.8821416964575886,,,
Fusion,0.3065326633165829,0.8491025980273278,0.8097823715759922,0.8840027573058353,,,
Fusion,0.31155778894472363,0.8520258018857585,0.8119466978957146,0.888316629724462,,,
Fusion,0.3165829145728643,0.8549677073468334,0.8168977214069759,0.8904882461849192,,,
Fusion,0.32160804020100503,0.8581971454516839,0.8189771656351086,0.8926086747759283,,,
Fusion,0.32663316582914576,0.8611370738670201,0.8224567513778323,0.8952222724822914,,,
Fusion,0.3316582914572864,0.8637008508738464,0.8259126071300313,0.8961309989567031,,,
Fusion,0.33668341708542715,0.8664501840912572,0.8283085162185486,0.8977485483687333,,,
Fusion,0.3417085427135678,0.8690297432828473,0.8326923709576604,0.9000092250922509,,,
Fusion,0.34673366834170855,0.871522255938636,0.8348389039192007,0.9010830224709121,,,
Fusion,0.35175879396984927,0.8736993239550714,0.8381137589928057,0.901852887741442,,,
Fusion,0.35678391959798994,0.8759030491607034,0.840363184161547,0.9027563017725128,,,
Fusion,0.36180904522613067,0.8777996131696841,0.8436824373660634,0.9046825919546053,,,
Fusion,0.36683417085427134,0.8796324155492039,0.8444434731934732,0.9058958445763626,,,
Fusion,0.37185929648241206,0.8812066266526668,0.8498081620993322,0.9082576897561607,,,
Fusion,0.3768844221105528,0.8827946168417831,0.8516977427836011,0.9092673799477596,,,
Fusion,0.38190954773869346,0.8842251616529068,0.8558537975194549,0.9100999614242826,,,
Fusion,0.3869346733668342,0.8856047833517405,0.856618285901842,0.9111531190926276,,,
Fusion,0.3919597989949749,0.8870577215465529,0.8576512455516014,0.912807534080826,,,
Fusion,0.3969849246231156,0.8885432250135648,0.8610949612403102,0.91528619780001,,,
Fusion,0.4020100502512563,0.8899862590119709,0.8620689655172413,0.9168381872073766,,,
Fusion,0.40703517587939697,0.8914995070767451,0.8629173989455184,0.9200710479573713,,,
Fusion,0.4120603015075377,0.8932192930397124,0.8646725798183948,0.92375926748272,,,
Fusion,0.4170854271356784,0.895250576792527,0.8658285147511924,0.9312203669346526,,,
Fusion,0.4221105527638191,0.8974389342421885,0.8671394482259794,0.9353065670661087,,,
Fusion,0.4271356783919598,0.9001029021646005,0.8679893761301989,0.9412924395633832,,,
Fusion,0.4321608040201005,0.9032718387670702,0.8691566617602724,0.9447568744338272,,,
Fusion,0.4371859296482412,0.9066428483686707,0.8710265299969853,0.9496272012240954,,,
Fusion,0.44221105527638194,0.9103452937096791,0.8717469075250485,0.9541345449471518,,,
Fusion,0.4472361809045226,0.9144789020467594,0.8738898756660746,0.9580313467344366,,,
Fusion,0.45226130653266333,0.9188979402647077,0.8767086529271938,0.9600779395531057,,,
Fusion,0.457286432160804,0.923357438698077,0.8791791365265121,0.9628270030553621,,,
Fusion,0.4623115577889447,0.927497523734419,0.8808253356099859,0.9646064439735759,,,
Fusion,0.46733668341708545,0.9318923508161486,0.882663516670206,0.9663716814159292,,,
Fusion,0.4723618090452261,0.9363310018968809,0.8859797257900611,0.96819928206854,,,
Fusion,0.47738693467336685,0.9401993470674985,0.890333402423043,0.9691257591841436,,,
Fusion,0.4824120603015075,0.9440438509466861,0.898706862038594,0.969811320754717,,,
Fusion,0.48743718592964824,0.9471501177470529,0.9010791366906474,0.9699655477031802,,,
Fusion,0.49246231155778897,0.9498570447050488,0.9061371841155235,0.9700250807393664,,,
Fusion,0.49748743718592964,0.9520043820490418,0.9122947126611839,0.9713314358001265,,,
Fusion,0.5025125628140703,0.9541117603927348,0.9215319087250153,0.9725575459177924,,,
Fusion,0.507537688442211,0.9555365212728124,0.9289391437669536,0.9732172619047619,,,
Fusion,0.5125628140703518,0.9568787556530358,0.9332031610972498,0.9736391175654425,,,
Fusion,0.5175879396984925,0.957972171044205,0.9364750680190297,0.9740752721298008,,,
Fusion,0.5226130653266332,0.9588621201387919,0.9395680305145794,0.9743601462522852,,,
Fusion,0.5276381909547738,0.9595370313931584,0.9409658457049687,0.9749036478875189,,,
Fusion,0.5326633165829145,0.9602526257972528,0.9427526569669399,0.975332569420317,,,
Fusion,0.5376884422110553,0.9608139044780873,0.9436078622482131,0.9757562816650691,,,
Fusion,0.542713567839196,0.9614268296385815,0.9438391137693504,0.9768348355981809,,,
Fusion,0.5477386934673367,0.9620980308683547,0.9452529724175663,0.97731675999572,,,
Fusion,0.5527638190954774,0.9627103468261294,0.945843470412808,0.9774706452057834,,,
Fusion,0.5577889447236181,0.9632396363182262,0.9466046641421567,0.977511232763518,,,
Fusion,0.5628140703517588,0.9638892582464873,0.9471866183535689,0.9784955854348203,,,
Fusion,0.5678391959798995,0.9644972700278978,0.9472706365185071,0.9789157882099493,,,
Fusion,0.5728643216080402,0.9650433768055937,0.9476463043891317,0.9799288321167883,,,
Fusion,0.577889447236181,0.9655511840095349,0.948048566017316,0.9800486645359202,,,
Fusion,0.5829145728643216,0.9660973005918098,0.9487653870481194,0.9800486645359202,,,
Fusion,0.5879396984924623,0.9665209591791422,0.9495495495495495,0.9806951500372554,,,
Fusion,0.592964824120603,0.9669994789870759,0.9504360284753289,0.9811338487728756,,,
Fusion,0.5979899497487438,0.9674763818805844,0.9505494505494505,0.9814479832336975,,,
Fusion,0.6030150753768845,0.9679053625824762,0.951073518872432,0.9816849816849816,,,
Fusion,0.6080402010050251,0.9682986547053412,0.9516916989664083,0.9818865060712887,,,
Fusion,0.6130653266331658,0.9687639703036178,0.9519568842462555,0.9820804531490016,,,
Fusion,0.6180904522613065,0.9692652666772507,0.9519721742368288,0.9823959105510255,,,
Fusion,0.6231155778894473,0.9697206456577756,0.9525483304042179,0.9833333333333333,,,
Fusion,0.628140703517588,0.9702386239080426,0.9530934806528516,0.9836668014676873,,,
Fusion,0.6331658291457286,0.9707628626640246,0.9538690300004604,0.9841604313380281,,,
Fusion,0.6381909547738693,0.9713481517225145,0.9543777179839134,0.9852941176470589,,,
Fusion,0.6432160804020101,0.9719622274607219,0.9545413072329131,0.9854816013046109,,,
Fusion,0.6482412060301508,0.9726072225853288,0.95578074403193,0.9858419565794198,,,
Fusion,0.6532663316582915,0.9732412727171176,0.9561528464778004,0.986768731821758,,,
Fusion,0.6582914572864321,0.9738962063492986,0.9580998919113674,0.9870135882635882,,,
Fusion,0.6633165829145728,0.9745676783238199,0.958404984668606,0.9870639603772691,,,
Fusion,0.6683417085427136,0.9751255715658457,0.9591817767999392,0.9874326750448833,,,
Fusion,0.6733668341708543,0.9755922803714984,0.9602888086642599,0.9874787547154168,,,
Fusion,0.678391959798995,0.976156771403452,0.9608835972111265,0.9876122553907516,,,
Fusion,0.6834170854271356,0.9766862470263655,0.9613949697251979,0.9878874862139593,,,
Fusion,0.6884422110552764,0.977130402641781,0.9625116186332089,0.9887445394976337,,,
Fusion,0.6934673366834171,0.9775158717229897,0.9635888228996222,0.988890931372549,,,
Fusion,0.6984924623115578,0.9778727673870071,0.963853239043129,0.9891314157902997,,,
Fusion,0.7035175879396985,0.978176631856824,0.9642825140809012,0.9891314157902997,,,
Fusion,0.7085427135678392,0.9785227994915416,0.9645986261965764,0.9892304030872046,,,
Fusion,0.7135678391959799,0.978763729525502,0.9653872653837017,0.9895118577075098,,,
Fusion,0.7185929648241206,0.9791454794397443,0.9661196584502616,0.9896395237419263,,,
Fusion,0.7236180904522613,0.9793909311585979,0.966125826860857,0.9906898767633004,,,
Fusion,0.7286432160804021,0.9797179681722328,0.9666001856203472,0.9908429093758162,,,
Fusion,0.7336683417085427,0.9801138442356387,0.9673898248244298,0.9910394265232975,,,
Fusion,0.7386934673366834,0.9805278299222321,0.9680841065429532,0.9911351440406703,,,
Fusion,0.7437185929648241,0.9809751555104085,0.968458645709044,0.9925403943584827,,,
Fusion,0.7487437185929648,0.9814847581992371,0.969014912839693,0.9927542771935332,,,
Fusion,0.7537688442211056,0.9821226091851792,0.9691773052731024,0.9929081152325362,,,
Fusion,0.7587939698492463,0.9826783788106864,0.9693140794223827,0.99292403490744,,,
Fusion,0.7638190954773869,0.9832395128737853,0.970314019490865,0.9942654888367605,,,
Fusion,0.7688442211055276,0.9838254577478203,0.9712613212532099,0.9944237918215614,,,
Fusion,0.7738693467336684,0.9844172036859357,0.9730743243243243,0.9944860502473385,,,
Fusion,0.7788944723618091,0.984810539632943,0.9732309307566239,0.9945750452079566,,,
Fusion,0.7839195979899498,0.9852503901745737,0.973403074335815,0.9946433337569903,,,
Fusion,0.7889447236180904,0.9857055532713985,0.9741685480625601,0.9946810864244021,,,
Fusion,0.7939698492462312,0.9861575447510896,0.9751309986290657,0.9962476547842402,,,
Fusion,0.7989949748743719,0.9865315867143702,0.9759445399007255,0.9962759507053203,,,
Fusion,0.8040201005025126,0.9870534926722374,0.9772697315865154,0.9963307774727115,,,
Fusion,0.8090452261306533,0.9874816129299013,0.9778893489003735,0.9963768115942029,,,
Fusion,0.8140703517587939,0.9879633695309092,0.9782214156079855,0.9964093357271095,,,
Fusion,0.8190954773869347,0.9884900119681997,0.9782598832162867,0.9964477595958832,,,
Fusion,0.8241206030150754,0.9889788618915725,0.9788331644714623,0.9964601769911504,,,
Fusion,0.8291457286432161,0.9893698849313337,0.9794369199092766,0.9980625723959725,,,
Fusion,0.8341708542713568,0.9897488058582327,0.9803124822976265,0.9981097299996433,,,
Fusion,0.8391959798994975,0.990053386752529,0.9804955878462643,0.9981416068807528,,,
Fusion,0.8442211055276382,0.9903743455642379,0.9815829442824815,0.9981754308688914,,,
Fusion,0.8492462311557789,0.9905646382651212,0.9819168173598554,0.9981852001630763,,,
Fusion,0.8542713567839196,0.9906998064137595,0.9820127652390723,0.9981884057971014,,,
Fusion,0.8592964824120604,0.9908503579662308,0.9822364275921898,0.9981983599398321,,,
Fusion,0.864321608040201,0.9910608825281514,0.9824561403508771,0.9982046678635548,,,
Fusion,0.8693467336683417,0.9913039514779738,0.9827882960413081,0.998220640569395,,,
Fusion,0.8743718592964824,0.9915796157725774,0.9828172123553646,0.9982300884955753,,,
Fusion,0.8793969849246231,0.9918996894153588,0.983332560296846,0.9982300884955753,,,
Fusion,0.8844221105527639,0.9924440909230495,0.9840091780926946,0.9982579154673534,,,
Fusion,0.8894472361809045,0.9929742968352023,0.9851010285594947,1.0,,,
Fusion,0.8944723618090452,0.9933741811779155,0.985480943738657,1.0,,,
Fusion,0.8994974874371859,0.9937775117678967,0.9862201330437144,1.0,,,
Fusion,0.9045226130653267,0.9940833540742853,0.9869633999895577,1.0,,,
Fusion,0.9095477386934674,0.9943008836772103,0.9873646209386282,1.0,,,
Fusion,0.914572864321608,0.9944149958194253,0.987410071942446,1.0,,,
Fusion,0.9195979899497487,0.9945559472609459,0.9874326750448833,1.0,,,
Fusion,0.9246231155778895,0.9947382948871522,0.9875217245989305,1.0,,,
Fusion,0.9296482412060302,0.9951459897602932,0.9878672292969632,1.0,,,
Fusion,0.9346733668341709,0.9957509500894679,0.9883018784334574,1.0,,,
Fusion,0.9396984924623115,0.9965303745212672,0.989010989010989,1.0,,,
Fusion,0.9447236180904522,0.9974700661936149,0.9892076591434433,1.0,,,
Fusion,0.949748743718593,0.9983911854443757,0.9907372598162072,1.0,,,
Fusion,0.9547738693467337,0.9991380377304345,0.9914233022699274,1.0,,,
Fusion,0.9597989949748744,0.9996788845727866,0.9945945945945946,1.0,,,
Fusion,0.964824120603015,0.9999355526500708,1.0,1.0,,,
Fusion,0.9698492462311558,0.999988679245283,1.0,1.0,,,
Fusion,0.9748743718592965,0.999988679245283,1.0,1.0,,,
Fusion,0.9798994974874372,1.0,1.0,1.0,,,
Fusion,0.9849246231155779,1.0,1.0,1.0,,,
Fusion,0.9899497487437187,1.0,1.0,1.0,,,
Fusion,0.9949748743718593,1.0,1.0,1.0,,,
Fusion,1.0,1.0,1.0,1.0,,,
Infrared thermography,0.0,0.0,,,0.7165698018746496,,
Infrared thermography,0.0,0.0018083182640144665,,,,,
Infrared thermography,0.0,0.019891500904159132,,,,,
Infrared thermography,0.006550218340611353,0.019891500904159132,,,,,
Infrared thermography,0.006550218340611353,0.02531645569620253,,,,,
Infrared thermography,0.008733624454148471,0.02531645569620253,,,,,
Infrared thermography,0.008733624454148471,0.039783001808318265,,,,,
Infrared thermography,0.010917030567685589,0.039783001808318265,,,,,
Infrared thermography,0.010917030567685589,0.054249547920433995,,,,,
Infrared thermography,0.013100436681222707,0.054249547920433995,,,,,
Infrared thermography,0.013100436681222707,0.0650994575045208,,,,,
Infrared thermography,0.015283842794759825,0.0650994575045208,,,,,
Infrared thermography,0.015283842794759825,0.07775768535262206,,,,,
Infrared thermography,0.019650655021834062,0.07775768535262206,,,,,
Infrared thermography,0.019650655021834062,0.0867992766726944,,,,,
Infrared thermography,0.021834061135371178,0.0867992766726944,,,,,
Infrared thermography,0.021834061135371178,0.09041591320072333,,,,,
Infrared thermography,0.024017467248908297,0.09041591320072333,,,,,
Infrared thermography,0.024017467248908297,0.0922242314647378,,,,,
Infrared thermography,0.026200873362445413,0.0922242314647378,,,,,
Infrared thermography,0.026200873362445413,0.09403254972875226,,,,,
Infrared thermography,0.028384279475982533,0.09403254972875226,,,,,
Infrared thermography,0.028384279475982533,0.09584086799276673,,,,,
Infrared thermography,0.03056768558951965,0.09584086799276673,,,,,
Infrared thermography,0.03056768558951965,0.09945750452079566,,,,,
Infrared thermography,0.039301310043668124,0.09945750452079566,,,,,
Infrared thermography,0.039301310043668124,0.11573236889692586,,,,,
Infrared thermography,0.04148471615720524,0.11573236889692586,,,,,
Infrared thermography,0.04148471615720524,0.11934900542495479,,,,,
Infrared thermography,0.043668122270742356,0.11934900542495479,,,,,
Infrared thermography,0.043668122270742356,0.12115732368896925,,,,,
Infrared thermography,0.04585152838427948,0.12115732368896925,,,,,
Infrared thermography,0.04585152838427948,0.13381555153707053,,,,,
Infrared thermography,0.05021834061135371,0.13381555153707053,,,,,
Infrared thermography,0.05021834061135371,0.15370705244122965,,,,,
Infrared thermography,0.05240174672489083,0.15370705244122965,,,,,
Infrared thermography,0.05240174672489083,0.15913200723327306,,,,,
Infrared thermography,0.05458515283842795,0.15913200723327306,,,,,
Infrared thermography,0.05458515283842795,0.16636528028933092,,,,,
Infrared thermography,0.056768558951965066,0.16636528028933092,,,,,
Infrared thermography,0.056768558951965066,0.17902350813743217,,,,,
Infrared thermography,0.05895196506550218,0.17902350813743217,,,,,
Infrared thermography,0.05895196506550218,0.18625678119349007,,,,,
Infrared thermography,0.06331877729257641,0.18625678119349007,,,,,
Infrared thermography,0.06331877729257641,0.18806509945750452,,,,,
Infrared thermography,0.06550218340611354,0.18806509945750452,,,,,
Infrared thermography,0.06550218340611354,0.19529837251356238,,,,,
Infrared thermography,0.06768558951965066,0.19529837251356238,,,,,
Infrared thermography,0.06768558951965066,0.20614828209764918,,,,,
Infrared thermography,0.06986899563318777,0.20614828209764918,,,,,
Infrared thermography,0.06986899563318777,0.21518987341772153,,,,,
Infrared thermography,0.07205240174672489,0.21518987341772153,,,,,
Infrared thermography,0.07205240174672489,0.22784810126582278,,,,,
Infrared thermography,0.07423580786026202,0.22784810126582278,,,,,
Infrared thermography,0.07423580786026202,0.22965641952983726,,,,,
Infrared thermography,0.07860262008733625,0.22965641952983726,,,,,
Infrared thermography,0.07860262008733625,0.2332730560578662,,,,,
Infrared thermography,0.08078602620087336,0.2332730560578662,,,,,
Infrared thermography,0.08078602620087336,0.24050632911392406,,,,,
Infrared thermography,0.08296943231441048,0.24050632911392406,,,,,
Infrared thermography,0.08296943231441048,0.2549728752260398,,,,,
Infrared thermography,0.08733624454148471,0.2549728752260398,,,,,
Infrared thermography,0.08733624454148471,0.25678119349005424,,,,,
Infrared thermography,0.08951965065502183,0.25678119349005424,,,,,
Infrared thermography,0.08951965065502183,0.2820976491862568,,,,,
Infrared thermography,0.09388646288209607,0.2820976491862568,,,,,
Infrared thermography,0.09388646288209607,0.2875226039783002,,,,,
Infrared thermography,0.09606986899563319,0.2875226039783002,,,,,
Infrared thermography,0.09606986899563319,0.2965641952983725,,,,,
Infrared thermography,0.0982532751091703,0.2965641952983725,,,,,
Infrared thermography,0.0982532751091703,0.30198915009041594,,,,,
Infrared thermography,0.10262008733624454,0.30198915009041594,,,,,
Infrared thermography,0.10262008733624454,0.3128390596745027,,,,,
Infrared thermography,0.10480349344978165,0.3128390596745027,,,,,
Infrared thermography,0.10480349344978165,0.31645569620253167,,,,,
Infrared thermography,0.10698689956331878,0.31645569620253167,,,,,
Infrared thermography,0.10698689956331878,0.3345388788426763,,,,,
Infrared thermography,0.1091703056768559,0.3345388788426763,,,,,
Infrared thermography,0.1091703056768559,0.3399638336347197,,,,,
Infrared thermography,0.11135371179039301,0.3399638336347197,,,,,
Infrared thermography,0.11135371179039301,0.3435804701627486,,,,,
Infrared thermography,0.11353711790393013,0.3435804701627486,,,,,
Infrared thermography,0.11353711790393013,0.3471971066907776,,,,,
Infrared thermography,0.11572052401746726,0.3471971066907776,,,,,
Infrared thermography,0.11572052401746726,0.35443037974683544,,,,,
Infrared thermography,0.11790393013100436,0.35443037974683544,,,,,
Infrared thermography,0.11790393013100436,0.35985533453887886,,,,,
Infrared thermography,0.12008733624454149,0.35985533453887886,,,,,
Infrared thermography,0.12008733624454149,0.36528028933092227,,,,,
Infrared thermography,0.1222707423580786,0.36528028933092227,,,,,
Infrared thermography,0.1222707423580786,0.3743218806509946,,,,,
Infrared thermography,0.12882096069868995,0.3743218806509946,,,,,
Infrared thermography,0.12882096069868995,0.38155515370705245,,,,,
Infrared thermography,0.1331877729257642,0.38155515370705245,,,,,
Infrared thermography,0.1331877729257642,0.38698010849909587,,,,,
Infrared thermography,0.13755458515283842,0.38698010849909587,,,,,
Infrared thermography,0.13755458515283842,0.3960216998191682,,,,,
Infrared thermography,0.13973799126637554,0.3960216998191682,,,,,
Infrared thermography,0.13973799126637554,0.40325497287522605,,,,,
Infrared thermography,0.14192139737991266,0.40325497287522605,,,,,
Infrared thermography,0.14192139737991266,0.40687160940325495,,,,,
Infrared thermography,0.14410480349344978,0.40687160940325495,,,,,
Infrared thermography,0.14410480349344978,0.41952983725135623,,,,,
Infrared thermography,0.14847161572052403,0.41952983725135623,,,,,
Infrared thermography,0.14847161572052403,0.4213381555153707,,,,,
Infrared thermography,0.15065502183406113,0.4213381555153707,,,,,
Infrared thermography,0.15065502183406113,0.4231464737793852,,,,,
Infrared thermography,0.15283842794759825,0.4231464737793852,,,,,
Infrared thermography,0.15283842794759825,0.42857142857142855,,,,,
Infrared thermography,0.15502183406113537,0.42857142857142855,,,,,
Infrared thermography,0.15502183406113537,0.4412296564195298,,,,,
Infrared thermography,0.16375545851528384,0.4412296564195298,,,,,
Infrared thermography,0.16375545851528384,0.4430379746835443,,,,,
Infrared thermography,0.16593886462882096,0.4430379746835443,,,,,
Infrared thermography,0.16593886462882096,0.4448462929475588,,,,,
Infrared thermography,0.16812227074235808,0.4448462929475588,,,,,
Infrared thermography,0.16812227074235808,0.44665461121157324,,,,,
Infrared thermography,0.17248908296943233,0.44665461121157324,,,,,
Infrared thermography,0.17248908296943233,0.45027124773960214,,,,,
Infrared thermography,0.17685589519650655,0.45027124773960214,,,,,
Infrared thermography,0.17685589519650655,0.45569620253164556,,,,,
Infrared thermography,0.17903930131004367,0.45569620253164556,,,,,
Infrared thermography,0.17903930131004367,0.45750452079566006,,,,,
Infrared thermography,0.1812227074235808,0.45750452079566006,,,,,
Infrared thermography,0.1812227074235808,0.4629294755877034,,,,,
Infrared thermography,0.18340611353711792,0.4629294755877034,,,,,
Infrared thermography,0.18340611353711792,0.4665461121157324,,,,,
Infrared thermography,0.185589519650655,0.4665461121157324,,,,,
Infrared thermography,0.185589519650655,0.46835443037974683,,,,,
Infrared thermography,0.18777292576419213,0.46835443037974683,,,,,
Infrared thermography,0.18777292576419213,0.4701627486437613,,,,,
Infrared thermography,0.1943231441048035,0.4701627486437613,,,,,
Infrared thermography,0.1943231441048035,0.47377938517179025,,,,,
Infrared thermography,0.1965065502183406,0.47377938517179025,,,,,
Infrared thermography,0.1965065502183406,0.4755877034358047,,,,,
Infrared thermography,0.20087336244541484,0.4755877034358047,,,,,
Infrared thermography,0.20087336244541484,0.484629294755877,,,,,
Infrared thermography,0.20305676855895197,0.484629294755877,,,,,
Infrared thermography,0.20305676855895197,0.49005424954792043,,,,,
Infrared thermography,0.2074235807860262,0.49005424954792043,,,,,
Infrared thermography,0.2074235807860262,0.4918625678119349,,,,,
Infrared thermography,0.2096069868995633,0.4918625678119349,,,,,
Infrared thermography,0.2096069868995633,0.4972875226039783,,,,,
Infrared thermography,0.21397379912663755,0.4972875226039783,,,,,
Infrared thermography,0.21397379912663755,0.49909584086799275,,,,,
Infrared thermography,0.2183406113537118,0.49909584086799275,,,,,
Infrared thermography,0.2183406113537118,0.5081374321880651,,,,,
Infrared thermography,0.2205240174672489,0.5081374321880651,,,,,
Infrared thermography,0.2205240174672489,0.5189873417721519,,,,,
Infrared thermography,0.22270742358078602,0.5189873417721519,,,,,
Infrared thermography,0.22270742358078602,0.5207956600361664,,,,,
Infrared thermography,0.22489082969432314,0.5207956600361664,,,,,
Infrared thermography,0.22489082969432314,0.5226039783001808,,,,,
Infrared thermography,0.2292576419213974,0.5226039783001808,,,,,
Infrared thermography,0.2292576419213974,0.5262206148282098,,,,,
Infrared thermography,0.2314410480349345,0.5262206148282098,,,,,
Infrared thermography,0.2314410480349345,0.5334538878842676,,,,,
Infrared thermography,0.2336244541484716,0.5334538878842676,,,,,
Infrared thermography,0.2336244541484716,0.5352622061482821,,,,,
Infrared thermography,0.24017467248908297,0.5352622061482821,,,,,
Infrared thermography,0.24017467248908297,0.5370705244122965,,,,,
Infrared thermography,0.2445414847161572,0.5370705244122965,,,,,
Infrared thermography,0.2445414847161572,0.538878842676311,,,,,
Infrared thermography,0.24672489082969432,0.538878842676311,,,,,
Infrared thermography,0.24672489082969432,0.546112115732369,,,,,
Infrared thermography,0.24890829694323144,0.546112115732369,,,,,
Infrared thermography,0.24890829694323144,0.5479204339963833,,,,,
Infrared thermography,0.2554585152838428,0.5479204339963833,,,,,
Infrared thermography,0.2554585152838428,0.5497287522603979,,,,,
Infrared thermography,0.2576419213973799,0.5497287522603979,,,,,
Infrared thermography,0.2576419213973799,0.5569620253164557,,,,,
Infrared thermography,0.2663755458515284,0.5569620253164557,,,,,
Infrared thermography,0.2663755458515284,0.5587703435804702,,,,,
Infrared thermography,0.2685589519650655,0.5587703435804702,,,,,
Infrared thermography,0.2685589519650655,0.569620253164557,,,,,
Infrared thermography,0.27510917030567683,0.569620253164557,,,,,
Infrared thermography,0.27510917030567683,0.5714285714285714,,,,,
Infrared thermography,0.27729257641921395,0.5714285714285714,,,,,
Infrared thermography,0.27729257641921395,0.5750452079566004,,,,,
Infrared thermography,0.28602620087336245,0.5750452079566004,,,,,
Infrared thermography,0.28602620087336245,0.5768535262206148,,,,,
Infrared thermography,0.28820960698689957,0.5768535262206148,,,,,
Infrared thermography,0.28820960698689957,0.5786618444846293,,,,,
Infrared thermography,0.29475982532751094,0.5786618444846293,,,,,
Infrared thermography,0.29475982532751094,0.5822784810126582,,,,,
Infrared thermography,0.29694323144104806,0.5822784810126582,,,,,
Infrared thermography,0.29694323144104806,0.5840867992766727,,,,,
Infrared thermography,0.29912663755458513,0.5840867992766727,,,,,
Infrared thermography,0.29912663755458513,0.5895117540687161,,,,,
Infrared thermography,0.3078602620087336,0.5895117540687161,,,,,
Infrared thermography,0.3078602620087336,0.596745027124774,,,,,
Infrared thermography,0.31004366812227074,0.596745027124774,,,,,
Infrared thermography,0.31004366812227074,0.5985533453887885,,,,,
Infrared thermography,0.31222707423580787,0.5985533453887885,,,,,
Infrared thermography,0.31222707423580787,0.6003616636528029,,,,,
Infrared thermography,0.314410480349345,0.6003616636528029,,,,,
Infrared thermography,0.314410480349345,0.6021699819168174,,,,,
Infrared thermography,0.3165938864628821,0.6021699819168174,,,,,
Infrared thermography,0.3165938864628821,0.6039783001808319,,,,,
Infrared thermography,0.3231441048034934,0.6039783001808319,,,,,
Infrared thermography,0.3231441048034934,0.6094032549728752,,,,,
Infrared thermography,0.32532751091703055,0.6094032549728752,,,,,
Infrared thermography,0.32532751091703055,0.6130198915009042,,,,,
Infrared thermography,0.3318777292576419,0.6130198915009042,,,,,
Infrared thermography,0.3318777292576419,0.6148282097649186,,,,,
Infrared thermography,0.33624454148471616,0.6148282097649186,,,,,
Infrared thermography,0.33624454148471616,0.6166365280289331,,,,,
Infrared thermography,0.34497816593886466,0.6166365280289331,,,,,
Infrared thermography,0.34497816593886466,0.620253164556962,,,,,
Infrared thermography,0.3537117903930131,0.620253164556962,,,,,
Infrared thermography,0.3537117903930131,0.6274864376130199,,,,,
Infrared thermography,0.36026200873362446,0.6274864376130199,,,,,
Infrared thermography,0.36026200873362446,0.6292947558770343,,,,,
Infrared thermography,0.3624454148471616,0.6292947558770343,,,,,
Infrared thermography,0.3624454148471616,0.6311030741410488,,,,,
Infrared thermography,0.3646288209606987,0.6311030741410488,,,,,
Infrared thermography,0.3646288209606987,0.6329113924050633,,,,,
Infrared thermography,0.36899563318777295,0.6329113924050633,,,,,
Infrared thermography,0.36899563318777295,0.6347197106690777,,,,,
Infrared thermography,0.37336244541484714,0.6347197106690777,,,,,
Infrared thermography,0.37336244541484714,0.6401446654611211,,,,,
Infrared thermography,0.3799126637554585,0.6401446654611211,,,,,
Infrared thermography,0.3799126637554585,0.6564195298372514,,,,,
Infrared thermography,0.38209606986899564,0.6564195298372514,,,,,
Infrared thermography,0.38209606986899564,0.6582278481012658,,,,,
Infrared thermography,0.38427947598253276,0.6582278481012658,,,,,
Infrared thermography,0.38427947598253276,0.6726943942133815,,,,,
Infrared thermography,0.3864628820960699,0.6726943942133815,,,,,
Infrared thermography,0.3864628820960699,0.6781193490054249,,,,,
Infrared thermography,0.388646288209607,0.6781193490054249,,,,,
Infrared thermography,0.388646288209607,0.6835443037974683,,,,,
Infrared thermography,0.3951965065502183,0.6835443037974683,,,,,
Infrared thermography,0.3951965065502183,0.6853526220614828,,,,,
Infrared thermography,0.39737991266375544,0.6853526220614828,,,,,
Infrared thermography,0.39737991266375544,0.6907775768535263,,,,,
Infrared thermography,0.39956331877729256,0.6907775768535263,,,,,
Infrared thermography,0.39956331877729256,0.6925858951175407,,,,,
Infrared thermography,0.4017467248908297,0.6925858951175407,,,,,
Infrared thermography,0.4017467248908297,0.7088607594936709,,,,,
Infrared thermography,0.40611353711790393,0.7088607594936709,,,,,
Infrared thermography,0.40611353711790393,0.7197106690777577,,,,,
Infrared thermography,0.40829694323144106,0.7197106690777577,,,,,
Infrared thermography,0.40829694323144106,0.7215189873417721,,,,,
Infrared thermography,0.4104803493449782,0.7215189873417721,,,,,
Infrared thermography,0.4104803493449782,0.7269439421338155,,,,,
Infrared thermography,0.4126637554585153,0.7269439421338155,,,,,
Infrared thermography,0.4126637554585153,0.72875226039783,,,,,
Infrared thermography,0.4192139737991266,0.72875226039783,,,,,
Infrared thermography,0.4192139737991266,0.7305605786618445,,,,,
Infrared thermography,0.42139737991266374,0.7305605786618445,,,,,
Infrared thermography,0.42139737991266374,0.7341772151898734,,,,,
Infrared thermography,0.42358078602620086,0.7341772151898734,,,,,
Infrared thermography,0.42358078602620086,0.7450271247739603,,,,,
Infrared thermography,0.425764192139738,0.7450271247739603,,,,,
Infrared thermography,0.425764192139738,0.7468354430379747,,,,,
Infrared thermography,0.43013100436681223,0.7468354430379747,,,,,
Infrared thermography,0.43013100436681223,0.7540687160940326,,,,,
Infrared thermography,0.43231441048034935,0.755877034358047,,,,,
Infrared thermography,0.4344978165938865,0.755877034358047,,,,,
Infrared thermography,0.4344978165938865,0.759493670886076,,,,,
Infrared thermography,0.4366812227074236,0.759493670886076,,,,,
Infrared thermography,0.4366812227074236,0.7631103074141049,,,,,
Infrared thermography,0.44759825327510916,0.7631103074141049,,,,,
Infrared thermography,0.44759825327510916,0.7649186256781193,,,,,
Infrared thermography,0.4497816593886463,0.7649186256781193,,,,,
Infrared thermography,0.4497816593886463,0.7667269439421338,,,,,
Infrared thermography,0.4519650655021834,0.7667269439421338,,,,,
Infrared thermography,0.4519650655021834,0.7721518987341772,,,,,
Infrared thermography,0.45414847161572053,0.7721518987341772,,,,,
Infrared thermography,0.45414847161572053,0.7739602169981917,,,,,
Infrared thermography,0.4585152838427948,0.7739602169981917,,,,,
Infrared thermography,0.4585152838427948,0.7757685352622061,,,,,
Infrared thermography,0.4606986899563319,0.7757685352622061,,,,,
Infrared thermography,0.4606986899563319,0.7775768535262206,,,,,
Infrared thermography,0.4650655021834061,0.7775768535262206,,,,,
Infrared thermography,0.4650655021834061,0.783001808318264,,,,,
Infrared thermography,0.4672489082969432,0.783001808318264,,,,,
Infrared thermography,0.4672489082969432,0.786618444846293,,,,,
Infrared thermography,0.46943231441048033,0.786618444846293,,,,,
Infrared thermography,0.46943231441048033,0.7902350813743219,,,,,
Infrared thermography,0.4759825327510917,0.7902350813743219,,,,,
Infrared thermography,0.4759825327510917,0.8010849909584087,,,,,
Infrared thermography,0.48034934497816595,0.8010849909584087,,,,,
Infrared thermography,0.48034934497816595,0.8065099457504521,,,,,
Infrared thermography,0.49344978165938863,0.8065099457504521,,,,,
Infrared thermography,0.49344978165938863,0.8083182640144665,,,,,
Infrared thermography,0.4978165938864629,0.8083182640144665,,,,,
Infrared thermography,0.4978165938864629,0.810126582278481,,,,,
Infrared thermography,0.5,0.810126582278481,,,,,
Infrared thermography,0.5,0.8119349005424955,,,,,
Infrared thermography,0.5087336244541485,0.8119349005424955,,,,,
Infrared thermography,0.5087336244541485,0.8137432188065099,,,,,
Infrared thermography,0.5109170305676856,0.8137432188065099,,,,,
Infrared thermography,0.5109170305676856,0.8155515370705244,,,,,
Infrared thermography,0.519650655021834,0.8155515370705244,,,,,
Infrared thermography,0.519650655021834,0.8209764918625678,,,,,
Infrared thermography,0.5262008733624454,0.8209764918625678,,,,,
Infrared thermography,0.5262008733624454,0.8227848101265823,,,,,
Infrared thermography,0.5283842794759825,0.8227848101265823,,,,,
Infrared thermography,0.5283842794759825,0.8245931283905967,,,,,
Infrared thermography,0.5327510917030568,0.8245931283905967,,,,,
Infrared thermography,0.5327510917030568,0.8264014466546112,,,,,
Infrared thermography,0.5436681222707423,0.8264014466546112,,,,,
Infrared thermography,0.5436681222707423,0.8282097649186256,,,,,
Infrared thermography,0.5458515283842795,0.8282097649186256,,,,,
Infrared thermography,0.5458515283842795,0.8318264014466547,,,,,
Infrared thermography,0.5524017467248908,0.8318264014466547,,,,,
Infrared thermography,0.5524017467248908,0.833634719710669,,,,,
Infrared thermography,0.5545851528384279,0.833634719710669,,,,,
Infrared thermography,0.5545851528384279,0.8354430379746836,,,,,
Infrared thermography,0.5633187772925764,0.8354430379746836,,,,,
Infrared thermography,0.5633187772925764,0.8372513562386981,,,,,
Infrared thermography,0.5655021834061136,0.8372513562386981,,,,,
Infrared thermography,0.5655021834061136,0.8426763110307414,,,,,
Infrared thermography,0.5807860262008734,0.8426763110307414,,,,,
Infrared thermography,0.5807860262008734,0.8444846292947559,,,,,
Infrared thermography,0.5829694323144105,0.8444846292947559,,,,,
Infrared thermography,0.5829694323144105,0.8481012658227848,,,,,
Infrared thermography,0.5895196506550219,0.8481012658227848,,,,,
Infrared thermography,0.5895196506550219,0.8499095840867993,,,,,
Infrared thermography,0.5917030567685589,0.8499095840867993,,,,,
Infrared thermography,0.5917030567685589,0.8535262206148282,,,,,
Infrared thermography,0.5938864628820961,0.8535262206148282,,,,,
Infrared thermography,0.5938864628820961,0.8571428571428571,,,,,
Infrared thermography,0.5982532751091703,0.8571428571428571,,,,,
Infrared thermography,0.5982532751091703,0.8589511754068716,,,,,
Infrared thermography,0.6048034934497817,0.8589511754068716,,,,,
Infrared thermography,0.6048034934497817,0.8607594936708861,,,,,
Infrared thermography,0.6069868995633187,0.8607594936708861,,,,,
Infrared thermography,0.6069868995633187,0.8661844484629295,,,,,
Infrared thermography,0.6091703056768559,0.8661844484629295,,,,,
Infrared thermography,0.6091703056768559,0.8698010849909584,,,,,
Infrared thermography,0.6157205240174672,0.8698010849909584,,,,,
Infrared thermography,0.6157205240174672,0.8716094032549728,,,,,
Infrared thermography,0.6222707423580786,0.8716094032549728,,,,,
Infrared thermography,0.6222707423580786,0.8752260397830018,,,,,
Infrared thermography,0.6244541484716157,0.8752260397830018,,,,,
Infrared thermography,0.6244541484716157,0.8770343580470162,,,,,
Infrared thermography,0.62882096069869,0.8770343580470162,,,,,
Infrared thermography,0.62882096069869,0.8824593128390597,,,,,
Infrared thermography,0.6331877729257642,0.8824593128390597,,,,,
Infrared thermography,0.6331877729257642,0.8842676311030742,,,,,
Infrared thermography,0.6397379912663755,0.8842676311030742,,,,,
Infrared thermography,0.6397379912663755,0.8860759493670886,,,,,
Infrared thermography,0.6441048034934498,0.8860759493670886,,,,,
Infrared thermography,0.6441048034934498,0.8896925858951176,,,,,
Infrared thermography,0.6462882096069869,0.8896925858951176,,,,,
Infrared thermography,0.6462882096069869,0.8933092224231465,,,,,
Infrared thermography,0.648471615720524,0.8933092224231465,,,,,
Infrared thermography,0.648471615720524,0.8969258589511754,,,,,
Infrared thermography,0.6506550218340611,0.8969258589511754,,,,,
Infrared thermography,0.6506550218340611,0.8987341772151899,,,,,
Infrared thermography,0.6550218340611353,0.8987341772151899,,,,,
Infrared thermography,0.6550218340611353,0.9005424954792043,,,,,
Infrared thermography,0.6593886462882096,0.9005424954792043,,,,,
Infrared thermography,0.6593886462882096,0.9059674502712477,,,,,
Infrared thermography,0.6615720524017468,0.9059674502712477,,,,,
Infrared thermography,0.6615720524017468,0.9077757685352622,,,,,
Infrared thermography,0.6637554585152838,0.9077757685352622,,,,,
Infrared thermography,0.6637554585152838,0.9113924050632911,,,,,
Infrared thermography,0.6703056768558951,0.9113924050632911,,,,,
Infrared thermography,0.6703056768558951,0.9150090415913201,,,,,
Infrared thermography,0.6724890829694323,0.9150090415913201,,,,,
Infrared thermography,0.6724890829694323,0.9168173598553345,,,,,
Infrared thermography,0.6768558951965066,0.9168173598553345,,,,,
Infrared thermography,0.6768558951965066,0.918625678119349,,,,,
Infrared thermography,0.6790393013100436,0.918625678119349,,,,,
Infrared thermography,0.6790393013100436,0.9222423146473779,,,,,
Infrared thermography,0.6812227074235808,0.9222423146473779,,,,,
Infrared thermography,0.6812227074235808,0.9330922242314648,,,,,
Infrared thermography,0.6855895196506551,0.9330922242314648,,,,,
Infrared thermography,0.6855895196506551,0.9349005424954792,,,,,
Infrared thermography,0.6877729257641921,0.9349005424954792,,,,,
Infrared thermography,0.6877729257641921,0.9403254972875226,,,,,
Infrared thermography,0.6921397379912664,0.9403254972875226,,,,,
Infrared thermography,0.6921397379912664,0.9421338155515371,,,,,
Infrared thermography,0.6986899563318777,0.9421338155515371,,,,,
Infrared thermography,0.6986899563318777,0.9439421338155516,,,,,
Infrared thermography,0.7030567685589519,0.9439421338155516,,,,,
Infrared thermography,0.7030567685589519,0.945750452079566,,,,,
Infrared thermography,0.7139737991266376,0.945750452079566,,,,,
Infrared thermography,0.7139737991266376,0.9493670886075949,,,,,
Infrared thermography,0.7314410480349345,0.9493670886075949,,,,,
Infrared thermography,0.7314410480349345,0.9511754068716094,,,,,
Infrared thermography,0.7358078602620087,0.9511754068716094,,,,,
Infrared thermography,0.7358078602620087,0.9529837251356239,,,,,
Infrared thermography,0.7445414847161572,0.9529837251356239,,,,,
Infrared thermography,0.7445414847161572,0.9566003616636528,,,,,
Infrared thermography,0.7467248908296943,0.9566003616636528,,,,,
Infrared thermography,0.7467248908296943,0.9584086799276673,,,,,
Infrared thermography,0.7685589519650655,0.9584086799276673,,,,,
Infrared thermography,0.7685589519650655,0.9602169981916817,,,,,
Infrared thermography,0.7751091703056768,0.9602169981916817,,,,,
Infrared thermography,0.7751091703056768,0.9638336347197106,,,,,
Infrared thermography,0.7838427947598253,0.9638336347197106,,,,,
Infrared thermography,0.7838427947598253,0.9656419529837251,,,,,
Infrared thermography,0.7969432314410481,0.9656419529837251,,,,,
Infrared thermography,0.7969432314410481,0.9674502712477396,,,,,
Infrared thermography,0.7991266375545851,0.9674502712477396,,,,,
Infrared thermography,0.7991266375545851,0.9746835443037974,,,,,
Infrared thermography,0.8231441048034934,0.9746835443037974,,,,,
Infrared thermography,0.8231441048034934,0.976491862567812,,,,,
Infrared thermography,0.8362445414847162,0.976491862567812,,,,,
Infrared thermography,0.8362445414847162,0.9783001808318263,,,,,
Infrared thermography,0.8384279475982532,0.9783001808318263,,,,,
Infrared thermography,0.8384279475982532,0.9801084990958409,,,,,
Infrared thermography,0.851528384279476,0.9801084990958409,,,,,
Infrared thermography,0.851528384279476,0.9819168173598554,,,,,
Infrared thermography,0.8580786026200873,0.9819168173598554,,,,,
Infrared thermography,0.8580786026200873,0.9837251356238698,,,,,
Infrared thermography,0.8668122270742358,0.9837251356238698,,,,,
Infrared thermography,0.8668122270742358,0.9855334538878843,,,,,
Infrared thermography,0.8930131004366813,0.9855334538878843,,,,,
Infrared thermography,0.8930131004366813,0.9873417721518988,,,,,
Infrared thermography,0.8951965065502183,0.9873417721518988,,,,,
Infrared thermography,0.8951965065502183,0.9909584086799277,,,,,
Infrared thermography,0.925764192139738,0.9909584086799277,,,,,
Infrared thermography,0.925764192139738,0.9945750452079566,,,,,
Infrared thermography,0.9475982532751092,0.9945750452079566,,,,,
Infrared thermography,0.9475982532751092,0.9963833634719711,,,,,
Infrared thermography,0.9497816593886463,0.9963833634719711,,,,,
Infrared thermography,0.9497816593886463,0.9981916817359855,,,,,
Infrared thermography,0.9563318777292577,0.9981916817359855,,,,,
Infrared thermography,0.9563318777292577,1.0,,,,,
Infrared thermography,1.0,1.0,,,,,
Tongue and pulse diagnosis,0.0,0.0,,,0.557893822500533,,
Tongue and pulse diagnosis,0.0,0.0018083182640144665,,,,,
Tongue and pulse diagnosis,0.0,0.007233273056057866,,,,,
Tongue and pulse diagnosis,0.004366812227074236,0.007233273056057866,,,,,
Tongue and pulse diagnosis,0.004366812227074236,0.0108499095840868,,,,,
Tongue and pulse diagnosis,0.006550218340611353,0.0108499095840868,,,,,
Tongue and pulse diagnosis,0.006550218340611353,0.012658227848101266,,,,,
Tongue and pulse diagnosis,0.010917030567685589,0.012658227848101266,,,,,
Tongue and pulse diagnosis,0.010917030567685589,0.014466546112115732,,,,,
Tongue and pulse diagnosis,0.013100436681222707,0.014466546112115732,,,,,
Tongue and pulse diagnosis,0.013100436681222707,0.0162748643761302,,,,,
Tongue and pulse diagnosis,0.015283842794759825,0.0162748643761302,,,,,
Tongue and pulse diagnosis,0.015283842794759825,0.023508137432188065,,,,,
Tongue and pulse diagnosis,0.017467248908296942,0.023508137432188065,,,,,
Tongue and pulse diagnosis,0.017467248908296942,0.0325497287522604,,,,,
Tongue and pulse diagnosis,0.019650655021834062,0.0325497287522604,,,,,
Tongue and pulse diagnosis,0.019650655021834062,0.034358047016274866,,,,,
Tongue and pulse diagnosis,0.021834061135371178,0.034358047016274866,,,,,
Tongue and pulse diagnosis,0.021834061135371178,0.03616636528028933,,,,,
Tongue and pulse diagnosis,0.024017467248908297,0.03616636528028933,,,,,
Tongue and pulse diagnosis,0.024017467248908297,0.05063291139240506,,,,,
Tongue and pulse diagnosis,0.028384279475982533,0.05063291139240506,,,,,
Tongue and pulse diagnosis,0.028384279475982533,0.054249547920433995,,,,,
Tongue and pulse diagnosis,0.03056768558951965,0.054249547920433995,,,,,
Tongue and pulse diagnosis,0.03056768558951965,0.05605786618444846,,,,,
Tongue and pulse diagnosis,0.034934497816593885,0.05605786618444846,,,,,
Tongue and pulse diagnosis,0.034934497816593885,0.059674502712477394,,,,,
Tongue and pulse diagnosis,0.04148471615720524,0.059674502712477394,,,,,
Tongue and pulse diagnosis,0.04148471615720524,0.06148282097649186,,,,,
Tongue and pulse diagnosis,0.043668122270742356,0.06148282097649186,,,,,
Tongue and pulse diagnosis,0.043668122270742356,0.06871609403254973,,,,,
Tongue and pulse diagnosis,0.04585152838427948,0.06871609403254973,,,,,
Tongue and pulse diagnosis,0.04585152838427948,0.07775768535262206,,,,,
Tongue and pulse diagnosis,0.05021834061135371,0.07775768535262206,,,,,
Tongue and pulse diagnosis,0.05021834061135371,0.0867992766726944,,,,,
Tongue and pulse diagnosis,0.05458515283842795,0.0867992766726944,,,,,
Tongue and pulse diagnosis,0.05458515283842795,0.09764918625678119,,,,,
Tongue and pulse diagnosis,0.056768558951965066,0.09764918625678119,,,,,
Tongue and pulse diagnosis,0.056768558951965066,0.09945750452079566,,,,,
Tongue and pulse diagnosis,0.05895196506550218,0.09945750452079566,,,,,
Tongue and pulse diagnosis,0.05895196506550218,0.10488245931283906,,,,,
Tongue and pulse diagnosis,0.0611353711790393,0.10488245931283906,,,,,
Tongue and pulse diagnosis,0.0611353711790393,0.10669077757685352,,,,,
Tongue and pulse diagnosis,0.06331877729257641,0.10669077757685352,,,,,
Tongue and pulse diagnosis,0.06331877729257641,0.12296564195298372,,,,,
Tongue and pulse diagnosis,0.06550218340611354,0.12296564195298372,,,,,
Tongue and pulse diagnosis,0.06550218340611354,0.1301989150090416,,,,,
Tongue and pulse diagnosis,0.06768558951965066,0.1301989150090416,,,,,
Tongue and pulse diagnosis,0.06768558951965066,0.13381555153707053,,,,,
Tongue and pulse diagnosis,0.06986899563318777,0.13381555153707053,,,,,
Tongue and pulse diagnosis,0.06986899563318777,0.13924050632911392,,,,,
Tongue and pulse diagnosis,0.07423580786026202,0.13924050632911392,,,,,
Tongue and pulse diagnosis,0.07423580786026202,0.14285714285714285,,,,,
Tongue and pulse diagnosis,0.07641921397379912,0.14285714285714285,,,,,
Tongue and pulse diagnosis,0.07641921397379912,0.14647377938517178,,,,,
Tongue and pulse diagnosis,0.07860262008733625,0.14647377938517178,,,,,
Tongue and pulse diagnosis,0.07860262008733625,0.14828209764918626,,,,,
Tongue and pulse diagnosis,0.08296943231441048,0.14828209764918626,,,,,
Tongue and pulse diagnosis,0.08296943231441048,0.15370705244122965,,,,,
Tongue and pulse diagnosis,0.09170305676855896,0.15370705244122965,,,,,
Tongue and pulse diagnosis,0.09170305676855896,0.15551537070524413,,,,,
Tongue and pulse diagnosis,0.09388646288209607,0.15551537070524413,,,,,
Tongue and pulse diagnosis,0.09388646288209607,0.15732368896925858,,,,,
Tongue and pulse diagnosis,0.09606986899563319,0.15732368896925858,,,,,
Tongue and pulse diagnosis,0.09606986899563319,0.15913200723327306,,,,,
Tongue and pulse diagnosis,0.10043668122270742,0.15913200723327306,,,,,
Tongue and pulse diagnosis,0.10043668122270742,0.1717902350813743,,,,,
Tongue and pulse diagnosis,0.10480349344978165,0.1717902350813743,,,,,
Tongue and pulse diagnosis,0.10480349344978165,0.1735985533453888,,,,,
Tongue and pulse diagnosis,0.1091703056768559,0.1735985533453888,,,,,
Tongue and pulse diagnosis,0.1091703056768559,0.17721518987341772,,,,,
Tongue and pulse diagnosis,0.11353711790393013,0.17721518987341772,,,,,
Tongue and pulse diagnosis,0.11353711790393013,0.17902350813743217,,,,,
Tongue and pulse diagnosis,0.11572052401746726,0.17902350813743217,,,,,
Tongue and pulse diagnosis,0.11572052401746726,0.18083182640144665,,,,,
Tongue and pulse diagnosis,0.11790393013100436,0.18083182640144665,,,,,
Tongue and pulse diagnosis,0.11790393013100436,0.18264014466546113,,,,,
Tongue and pulse diagnosis,0.1222707423580786,0.18264014466546113,,,,,
Tongue and pulse diagnosis,0.1222707423580786,0.18625678119349007,,,,,
Tongue and pulse diagnosis,0.12445414847161572,0.18625678119349007,,,,,
Tongue and pulse diagnosis,0.12445414847161572,0.18806509945750452,,,,,
Tongue and pulse diagnosis,0.13100436681222707,0.18806509945750452,,,,,
Tongue and pulse diagnosis,0.13100436681222707,0.189873417721519,,,,,
Tongue and pulse diagnosis,0.1331877729257642,0.189873417721519,,,,,
Tongue and pulse diagnosis,0.1331877729257642,0.19529837251356238,,,,,
Tongue and pulse diagnosis,0.13755458515283842,0.19529837251356238,,,,,
Tongue and pulse diagnosis,0.13755458515283842,0.19891500904159132,,,,,
Tongue and pulse diagnosis,0.13973799126637554,0.19891500904159132,,,,,
Tongue and pulse diagnosis,0.13973799126637554,0.20253164556962025,,,,,
Tongue and pulse diagnosis,0.14192139737991266,0.20253164556962025,,,,,
Tongue and pulse diagnosis,0.14192139737991266,0.20795660036166366,,,,,
Tongue and pulse diagnosis,0.14410480349344978,0.20795660036166366,,,,,
Tongue and pulse diagnosis,0.14410480349344978,0.20976491862567812,,,,,
Tongue and pulse diagnosis,0.1462882096069869,0.20976491862567812,,,,,
Tongue and pulse diagnosis,0.1462882096069869,0.21699819168173598,,,,,
Tongue and pulse diagnosis,0.15283842794759825,0.21699819168173598,,,,,
Tongue and pulse diagnosis,0.15283842794759825,0.22423146473779385,,,,,
Tongue and pulse diagnosis,0.1572052401746725,0.22423146473779385,,,,,
Tongue and pulse diagnosis,0.1572052401746725,0.22603978300180833,,,,,
Tongue and pulse diagnosis,0.15938864628820962,0.22603978300180833,,,,,
Tongue and pulse diagnosis,0.15938864628820962,0.2314647377938517,,,,,
Tongue and pulse diagnosis,0.1615720524017467,0.2314647377938517,,,,,
Tongue and pulse diagnosis,0.1615720524017467,0.2332730560578662,,,,,
Tongue and pulse diagnosis,0.16593886462882096,0.2332730560578662,,,,,
Tongue and pulse diagnosis,0.16593886462882096,0.24050632911392406,,,,,
Tongue and pulse diagnosis,0.1703056768558952,0.24050632911392406,,,,,
Tongue and pulse diagnosis,0.1703056768558952,0.2423146473779385,,,,,
Tongue and pulse diagnosis,0.17248908296943233,0.2423146473779385,,,,,
Tongue and pulse diagnosis,0.17248908296943233,0.24773960216998192,,,,,
Tongue and pulse diagnosis,0.18777292576419213,0.24773960216998192,,,,,
Tongue and pulse diagnosis,0.18777292576419213,0.25316455696202533,,,,,
Tongue and pulse diagnosis,0.18995633187772926,0.25316455696202533,,,,,
Tongue and pulse diagnosis,0.18995633187772926,0.2549728752260398,,,,,
Tongue and pulse diagnosis,0.1965065502183406,0.2549728752260398,,,,,
Tongue and pulse diagnosis,0.1965065502183406,0.2585895117540687,,,,,
Tongue and pulse diagnosis,0.19868995633187772,0.2585895117540687,,,,,
Tongue and pulse diagnosis,0.19868995633187772,0.2603978300180832,,,,,
Tongue and pulse diagnosis,0.2052401746724891,0.2603978300180832,,,,,
Tongue and pulse diagnosis,0.2052401746724891,0.26763110307414106,,,,,
Tongue and pulse diagnosis,0.2074235807860262,0.26763110307414106,,,,,
Tongue and pulse diagnosis,0.2074235807860262,0.2766726943942134,,,,,
Tongue and pulse diagnosis,0.21615720524017468,0.2766726943942134,,,,,
Tongue and pulse diagnosis,0.21615720524017468,0.2820976491862568,,,,,
Tongue and pulse diagnosis,0.2205240174672489,0.2820976491862568,,,,,
Tongue and pulse diagnosis,0.2205240174672489,0.28390596745027125,,,,,
Tongue and pulse diagnosis,0.22270742358078602,0.28390596745027125,,,,,
Tongue and pulse diagnosis,0.22270742358078602,0.2875226039783002,,,,,
Tongue and pulse diagnosis,0.22707423580786026,0.2875226039783002,,,,,
Tongue and pulse diagnosis,0.22707423580786026,0.28933092224231466,,,,,
Tongue and pulse diagnosis,0.2292576419213974,0.28933092224231466,,,,,
Tongue and pulse diagnosis,0.2292576419213974,0.2911392405063291,,,,,
Tongue and pulse diagnosis,0.2336244541484716,0.2911392405063291,,,,,
Tongue and pulse diagnosis,0.2336244541484716,0.2965641952983725,,,,,
Tongue and pulse diagnosis,0.23799126637554585,0.2965641952983725,,,,,
Tongue and pulse diagnosis,0.23799126637554585,0.30198915009041594,,,,,
Tongue and pulse diagnosis,0.2423580786026201,0.30198915009041594,,,,,
Tongue and pulse diagnosis,0.2423580786026201,0.3092224231464738,,,,,
Tongue and pulse diagnosis,0.2445414847161572,0.3092224231464738,,,,,
Tongue and pulse diagnosis,0.2445414847161572,0.3128390596745027,,,,,
Tongue and pulse diagnosis,0.24672489082969432,0.3128390596745027,,,,,
Tongue and pulse diagnosis,0.24672489082969432,0.3182640144665461,,,,,
Tongue and pulse diagnosis,0.24890829694323144,0.3182640144665461,,,,,
Tongue and pulse diagnosis,0.24890829694323144,0.32368896925858953,,,,,
Tongue and pulse diagnosis,0.25327510917030566,0.32368896925858953,,,,,
Tongue and pulse diagnosis,0.25327510917030566,0.32730560578661844,,,,,
Tongue and pulse diagnosis,0.2554585152838428,0.32730560578661844,,,,,
Tongue and pulse diagnosis,0.2554585152838428,0.3291139240506329,,,,,
Tongue and pulse diagnosis,0.259825327510917,0.3291139240506329,,,,,
Tongue and pulse diagnosis,0.259825327510917,0.3345388788426763,,,,,
Tongue and pulse diagnosis,0.26200873362445415,0.3345388788426763,,,,,
Tongue and pulse diagnosis,0.26200873362445415,0.33815551537070526,,,,,
Tongue and pulse diagnosis,0.2663755458515284,0.33815551537070526,,,,,
Tongue and pulse diagnosis,0.2663755458515284,0.3399638336347197,,,,,
Tongue and pulse diagnosis,0.27074235807860264,0.3399638336347197,,,,,
Tongue and pulse diagnosis,0.27074235807860264,0.34177215189873417,,,,,
Tongue and pulse diagnosis,0.27292576419213976,0.34177215189873417,,,,,
Tongue and pulse diagnosis,0.27292576419213976,0.3508137432188065,,,,,
Tongue and pulse diagnosis,0.27729257641921395,0.3508137432188065,,,,,
Tongue and pulse diagnosis,0.27729257641921395,0.35985533453887886,,,,,
Tongue and pulse diagnosis,0.28602620087336245,0.35985533453887886,,,,,
Tongue and pulse diagnosis,0.28602620087336245,0.36528028933092227,,,,,
Tongue and pulse diagnosis,0.2903930131004367,0.36528028933092227,,,,,
Tongue and pulse diagnosis,0.2903930131004367,0.3670886075949367,,,,,
Tongue and pulse diagnosis,0.29694323144104806,0.3670886075949367,,,,,
Tongue and pulse diagnosis,0.29694323144104806,0.37613019891500904,,,,,
Tongue and pulse diagnosis,0.29912663755458513,0.37613019891500904,,,,,
Tongue and pulse diagnosis,0.29912663755458513,0.38517179023508136,,,,,
Tongue and pulse diagnosis,0.3056768558951965,0.38517179023508136,,,,,
Tongue and pulse diagnosis,0.3056768558951965,0.39059674502712477,,,,,
Tongue and pulse diagnosis,0.3078602620087336,0.39059674502712477,,,,,
Tongue and pulse diagnosis,0.3078602620087336,0.3924050632911392,,,,,
Tongue and pulse diagnosis,0.31222707423580787,0.3924050632911392,,,,,
Tongue and pulse diagnosis,0.31222707423580787,0.39421338155515373,,,,,
Tongue and pulse diagnosis,0.31877729257641924,0.39421338155515373,,,,,
Tongue and pulse diagnosis,0.31877729257641924,0.3960216998191682,,,,,
Tongue and pulse diagnosis,0.32751091703056767,0.3960216998191682,,,,,
Tongue and pulse diagnosis,0.32751091703056767,0.39783001808318263,,,,,
Tongue and pulse diagnosis,0.3296943231441048,0.39783001808318263,,,,,
Tongue and pulse diagnosis,0.3296943231441048,0.4014466546112116,,,,,
Tongue and pulse diagnosis,0.3318777292576419,0.4014466546112116,,,,,
Tongue and pulse diagnosis,0.3318777292576419,0.40867992766726946,,,,,
Tongue and pulse diagnosis,0.33406113537117904,0.40867992766726946,,,,,
Tongue and pulse diagnosis,0.33406113537117904,0.4104882459312839,,,,,
Tongue and pulse diagnosis,0.3384279475982533,0.4104882459312839,,,,,
Tongue and pulse diagnosis,0.3384279475982533,0.41229656419529837,,,,,
Tongue and pulse diagnosis,0.34279475982532753,0.41229656419529837,,,,,
Tongue and pulse diagnosis,0.34279475982532753,0.4231464737793852,,,,,
Tongue and pulse diagnosis,0.34497816593886466,0.4231464737793852,,,,,
Tongue and pulse diagnosis,0.34497816593886466,0.4267631103074141,,,,,
Tongue and pulse diagnosis,0.34934497816593885,0.4267631103074141,,,,,
Tongue and pulse diagnosis,0.34934497816593885,0.42857142857142855,,,,,
Tongue and pulse diagnosis,0.35152838427947597,0.42857142857142855,,,,,
Tongue and pulse diagnosis,0.35152838427947597,0.4376130198915009,,,,,
Tongue and pulse diagnosis,0.36026200873362446,0.4376130198915009,,,,,
Tongue and pulse diagnosis,0.36026200873362446,0.4394213381555154,,,,,
Tongue and pulse diagnosis,0.3624454148471616,0.4394213381555154,,,,,
Tongue and pulse diagnosis,0.3624454148471616,0.4412296564195298,,,,,
Tongue and pulse diagnosis,0.3646288209606987,0.4412296564195298,,,,,
Tongue and pulse diagnosis,0.3646288209606987,0.4430379746835443,,,,,
Tongue and pulse diagnosis,0.36899563318777295,0.4430379746835443,,,,,
Tongue and pulse diagnosis,0.36899563318777295,0.44665461121157324,,,,,
Tongue and pulse diagnosis,0.37117903930131,0.44665461121157324,,,,,
Tongue and pulse diagnosis,0.37117903930131,0.45027124773960214,,,,,
Tongue and pulse diagnosis,0.37554585152838427,0.45027124773960214,,,,,
Tongue and pulse diagnosis,0.37554585152838427,0.45207956600361665,,,,,
Tongue and pulse diagnosis,0.3799126637554585,0.45207956600361665,,,,,
Tongue and pulse diagnosis,0.3799126637554585,0.45569620253164556,,,,,
Tongue and pulse diagnosis,0.38427947598253276,0.45569620253164556,,,,,
Tongue and pulse diagnosis,0.38427947598253276,0.4593128390596745,,,,,
Tongue and pulse diagnosis,0.3864628820960699,0.4593128390596745,,,,,
Tongue and pulse diagnosis,0.3864628820960699,0.46112115732368897,,,,,
Tongue and pulse diagnosis,0.3930131004366812,0.46112115732368897,,,,,
Tongue and pulse diagnosis,0.3930131004366812,0.46835443037974683,,,,,
Tongue and pulse diagnosis,0.3951965065502183,0.46835443037974683,,,,,
Tongue and pulse diagnosis,0.3951965065502183,0.4701627486437613,,,,,
Tongue and pulse diagnosis,0.39737991266375544,0.4701627486437613,,,,,
Tongue and pulse diagnosis,0.39737991266375544,0.4719710669077758,,,,,
Tongue and pulse diagnosis,0.4039301310043668,0.4719710669077758,,,,,
Tongue and pulse diagnosis,0.4039301310043668,0.47739602169981915,,,,,
Tongue and pulse diagnosis,0.40829694323144106,0.47739602169981915,,,,,
Tongue and pulse diagnosis,0.40829694323144106,0.4810126582278481,,,,,
Tongue and pulse diagnosis,0.4104803493449782,0.4810126582278481,,,,,
Tongue and pulse diagnosis,0.4104803493449782,0.48282097649186256,,,,,
Tongue and pulse diagnosis,0.4126637554585153,0.48282097649186256,,,,,
Tongue and pulse diagnosis,0.4126637554585153,0.4864376130198915,,,,,
Tongue and pulse diagnosis,0.4192139737991266,0.4864376130198915,,,,,
Tongue and pulse diagnosis,0.4192139737991266,0.49005424954792043,,,,,
Tongue and pulse diagnosis,0.42139737991266374,0.49005424954792043,,,,,
Tongue and pulse diagnosis,0.42139737991266374,0.4918625678119349,,,,,
Tongue and pulse diagnosis,0.42358078602620086,0.4918625678119349,,,,,
Tongue and pulse diagnosis,0.42358078602620086,0.49547920433996384,,,,,
Tongue and pulse diagnosis,0.425764192139738,0.49547920433996384,,,,,
Tongue and pulse diagnosis,0.425764192139738,0.5226039783001808,,,,,
Tongue and pulse diagnosis,0.4279475982532751,0.5226039783001808,,,,,
Tongue and pulse diagnosis,0.4279475982532751,0.5244122965641953,,,,,
Tongue and pulse diagnosis,0.43231441048034935,0.5244122965641953,,,,,
Tongue and pulse diagnosis,0.43231441048034935,0.5262206148282098,,,,,
Tongue and pulse diagnosis,0.4344978165938865,0.5262206148282098,,,,,
Tongue and pulse diagnosis,0.4344978165938865,0.5280289330922242,,,,,
Tongue and pulse diagnosis,0.4388646288209607,0.5280289330922242,,,,,
Tongue and pulse diagnosis,0.4388646288209607,0.5334538878842676,,,,,
Tongue and pulse diagnosis,0.4519650655021834,0.5334538878842676,,,,,
Tongue and pulse diagnosis,0.4519650655021834,0.5352622061482821,,,,,
Tongue and pulse diagnosis,0.45414847161572053,0.5352622061482821,,,,,
Tongue and pulse diagnosis,0.45414847161572053,0.538878842676311,,,,,
Tongue and pulse diagnosis,0.4585152838427948,0.538878842676311,,,,,
Tongue and pulse diagnosis,0.4585152838427948,0.5406871609403255,,,,,
Tongue and pulse diagnosis,0.4606986899563319,0.5406871609403255,,,,,
Tongue and pulse diagnosis,0.4606986899563319,0.5443037974683544,,,,,
Tongue and pulse diagnosis,0.462882096069869,0.5443037974683544,,,,,
Tongue and pulse diagnosis,0.462882096069869,0.5551537070524413,,,,,
Tongue and pulse diagnosis,0.4650655021834061,0.5551537070524413,,,,,
Tongue and pulse diagnosis,0.4650655021834061,0.5623869801084991,,,,,
Tongue and pulse diagnosis,0.4672489082969432,0.5623869801084991,,,,,
Tongue and pulse diagnosis,0.4672489082969432,0.5641952983725136,,,,,
Tongue and pulse diagnosis,0.47161572052401746,0.5641952983725136,,,,,
Tongue and pulse diagnosis,0.47161572052401746,0.5678119349005425,,,,,
Tongue and pulse diagnosis,0.4781659388646288,0.5678119349005425,,,,,
Tongue and pulse diagnosis,0.4781659388646288,0.5732368896925859,,,,,
Tongue and pulse diagnosis,0.4868995633187773,0.5732368896925859,,,,,
Tongue and pulse diagnosis,0.4868995633187773,0.5804701627486437,,,,,
Tongue and pulse diagnosis,0.4890829694323144,0.5804701627486437,,,,,
Tongue and pulse diagnosis,0.4890829694323144,0.5840867992766727,,,,,
Tongue and pulse diagnosis,0.5,0.5840867992766727,,,,,
Tongue and pulse diagnosis,0.5,0.5858951175406871,,,,,
Tongue and pulse diagnosis,0.5087336244541485,0.5858951175406871,,,,,
Tongue and pulse diagnosis,0.5087336244541485,0.5895117540687161,,,,,
Tongue and pulse diagnosis,0.5109170305676856,0.5895117540687161,,,,,
Tongue and pulse diagnosis,0.5109170305676856,0.5913200723327305,,,,,
Tongue and pulse diagnosis,0.5131004366812227,0.5913200723327305,,,,,
Tongue and pulse diagnosis,0.5131004366812227,0.593128390596745,,,,,
Tongue and pulse diagnosis,0.519650655021834,0.593128390596745,,,,,
Tongue and pulse diagnosis,0.519650655021834,0.5985533453887885,,,,,
Tongue and pulse diagnosis,0.5218340611353712,0.5985533453887885,,,,,
Tongue and pulse diagnosis,0.5218340611353712,0.6021699819168174,,,,,
Tongue and pulse diagnosis,0.5262008733624454,0.6021699819168174,,,,,
Tongue and pulse diagnosis,0.5262008733624454,0.6039783001808319,,,,,
Tongue and pulse diagnosis,0.5283842794759825,0.6039783001808319,,,,,
Tongue and pulse diagnosis,0.5283842794759825,0.6075949367088608,,,,,
Tongue and pulse diagnosis,0.5305676855895196,0.6075949367088608,,,,,
Tongue and pulse diagnosis,0.5305676855895196,0.6112115732368897,,,,,
Tongue and pulse diagnosis,0.5327510917030568,0.6112115732368897,,,,,
Tongue and pulse diagnosis,0.5327510917030568,0.6148282097649186,,,,,
Tongue and pulse diagnosis,0.5458515283842795,0.6148282097649186,,,,,
Tongue and pulse diagnosis,0.5458515283842795,0.6166365280289331,,,,,
Tongue and pulse diagnosis,0.5502183406113537,0.6166365280289331,,,,,
Tongue and pulse diagnosis,0.5502183406113537,0.6184448462929476,,,,,
Tongue and pulse diagnosis,0.5545851528384279,0.6184448462929476,,,,,
Tongue and pulse diagnosis,0.5545851528384279,0.6256781193490054,,,,,
Tongue and pulse diagnosis,0.5611353711790393,0.6256781193490054,,,,,
Tongue and pulse diagnosis,0.5611353711790393,0.6274864376130199,,,,,
Tongue and pulse diagnosis,0.5655021834061136,0.6274864376130199,,,,,
Tongue and pulse diagnosis,0.5655021834061136,0.6311030741410488,,,,,
Tongue and pulse diagnosis,0.5676855895196506,0.6311030741410488,,,,,
Tongue and pulse diagnosis,0.5676855895196506,0.6329113924050633,,,,,
Tongue and pulse diagnosis,0.5720524017467249,0.6329113924050633,,,,,
Tongue and pulse diagnosis,0.5720524017467249,0.6347197106690777,,,,,
Tongue and pulse diagnosis,0.574235807860262,0.6347197106690777,,,,,
Tongue and pulse diagnosis,0.574235807860262,0.6365280289330922,,,,,
Tongue and pulse diagnosis,0.5786026200873362,0.6365280289330922,,,,,
Tongue and pulse diagnosis,0.5786026200873362,0.6401446654611211,,,,,
Tongue and pulse diagnosis,0.5829694323144105,0.6401446654611211,,,,,
Tongue and pulse diagnosis,0.5829694323144105,0.64376130198915,,,,,
Tongue and pulse diagnosis,0.5917030567685589,0.64376130198915,,,,,
Tongue and pulse diagnosis,0.5917030567685589,0.6455696202531646,,,,,
Tongue and pulse diagnosis,0.5938864628820961,0.6455696202531646,,,,,
Tongue and pulse diagnosis,0.5938864628820961,0.6473779385171791,,,,,
Tongue and pulse diagnosis,0.5982532751091703,0.6473779385171791,,,,,
Tongue and pulse diagnosis,0.5982532751091703,0.6491862567811935,,,,,
Tongue and pulse diagnosis,0.6004366812227074,0.6491862567811935,,,,,
Tongue and pulse diagnosis,0.6004366812227074,0.6528028933092225,,,,,
Tongue and pulse diagnosis,0.6026200873362445,0.6528028933092225,,,,,
Tongue and pulse diagnosis,0.6026200873362445,0.6636528028933092,,,,,
Tongue and pulse diagnosis,0.6048034934497817,0.6636528028933092,,,,,
Tongue and pulse diagnosis,0.6048034934497817,0.6654611211573237,,,,,
Tongue and pulse diagnosis,0.6069868995633187,0.6654611211573237,,,,,
Tongue and pulse diagnosis,0.6069868995633187,0.6672694394213382,,,,,
Tongue and pulse diagnosis,0.611353711790393,0.6672694394213382,,,,,
Tongue and pulse diagnosis,0.611353711790393,0.6690777576853526,,,,,
Tongue and pulse diagnosis,0.6157205240174672,0.6690777576853526,,,,,
Tongue and pulse diagnosis,0.6157205240174672,0.6708860759493671,,,,,
Tongue and pulse diagnosis,0.6179039301310044,0.6708860759493671,,,,,
Tongue and pulse diagnosis,0.6179039301310044,0.6781193490054249,,,,,
Tongue and pulse diagnosis,0.6200873362445415,0.6781193490054249,,,,,
Tongue and pulse diagnosis,0.6200873362445415,0.6817359855334539,,,,,
Tongue and pulse diagnosis,0.6222707423580786,0.6817359855334539,,,,,
Tongue and pulse diagnosis,0.6222707423580786,0.6835443037974683,,,,,
Tongue and pulse diagnosis,0.6244541484716157,0.6835443037974683,,,,,
Tongue and pulse diagnosis,0.6244541484716157,0.6871609403254972,,,,,
Tongue and pulse diagnosis,0.631004366812227,0.6871609403254972,,,,,
Tongue and pulse diagnosis,0.6353711790393013,0.6889692585895117,,,,,
Tongue and pulse diagnosis,0.6353711790393013,0.6907775768535263,,,,,
Tongue and pulse diagnosis,0.6375545851528385,0.6907775768535263,,,,,
Tongue and pulse diagnosis,0.6375545851528385,0.6925858951175407,,,,,
Tongue and pulse diagnosis,0.6397379912663755,0.6925858951175407,,,,,
Tongue and pulse diagnosis,0.6397379912663755,0.6962025316455697,,,,,
Tongue and pulse diagnosis,0.6441048034934498,0.6962025316455697,,,,,
Tongue and pulse diagnosis,0.6441048034934498,0.7034358047016275,,,,,
Tongue and pulse diagnosis,0.648471615720524,0.7034358047016275,,,,,
Tongue and pulse diagnosis,0.648471615720524,0.705244122965642,,,,,
Tongue and pulse diagnosis,0.6528384279475983,0.705244122965642,,,,,
Tongue and pulse diagnosis,0.6528384279475983,0.7070524412296564,,,,,
Tongue and pulse diagnosis,0.6550218340611353,0.7070524412296564,,,,,
Tongue and pulse diagnosis,0.6550218340611353,0.7106690777576854,,,,,
Tongue and pulse diagnosis,0.6593886462882096,0.7106690777576854,,,,,
Tongue and pulse diagnosis,0.6593886462882096,0.7233273056057866,,,,,
Tongue and pulse diagnosis,0.6615720524017468,0.7233273056057866,,,,,
Tongue and pulse diagnosis,0.6615720524017468,0.7251356238698011,,,,,
Tongue and pulse diagnosis,0.6681222707423581,0.7251356238698011,,,,,
Tongue and pulse diagnosis,0.6681222707423581,0.72875226039783,,,,,
Tongue and pulse diagnosis,0.6703056768558951,0.72875226039783,,,,,
Tongue and pulse diagnosis,0.6703056768558951,0.7323688969258589,,,,,
Tongue and pulse diagnosis,0.6746724890829694,0.7323688969258589,,,,,
Tongue and pulse diagnosis,0.6746724890829694,0.7341772151898734,,,,,
Tongue and pulse diagnosis,0.6790393013100436,0.7341772151898734,,,,,
Tongue and pulse diagnosis,0.6790393013100436,0.7377938517179023,,,,,
Tongue and pulse diagnosis,0.6855895196506551,0.7377938517179023,,,,,
Tongue and pulse diagnosis,0.6921397379912664,0.7432188065099458,,,,,
Tongue and pulse diagnosis,0.6921397379912664,0.7504520795660036,,,,,
Tongue and pulse diagnosis,0.6943231441048034,0.7504520795660036,,,,,
Tongue and pulse diagnosis,0.6943231441048034,0.7522603978300181,,,,,
Tongue and pulse diagnosis,0.7008733624454149,0.7522603978300181,,,,,
Tongue and pulse diagnosis,0.7008733624454149,0.7649186256781193,,,,,
Tongue and pulse diagnosis,0.7052401746724891,0.7649186256781193,,,,,
Tongue and pulse diagnosis,0.7052401746724891,0.7667269439421338,,,,,
Tongue and pulse diagnosis,0.7074235807860262,0.7667269439421338,,,,,
Tongue and pulse diagnosis,0.7074235807860262,0.7703435804701627,,,,,
Tongue and pulse diagnosis,0.7096069868995634,0.7703435804701627,,,,,
Tongue and pulse diagnosis,0.7096069868995634,0.7721518987341772,,,,,
Tongue and pulse diagnosis,0.7117903930131004,0.7721518987341772,,,,,
Tongue and pulse diagnosis,0.7117903930131004,0.779385171790235,,,,,
Tongue and pulse diagnosis,0.7161572052401747,0.779385171790235,,,,,
Tongue and pulse diagnosis,0.7161572052401747,0.7920433996383364,,,,,
Tongue and pulse diagnosis,0.7183406113537117,0.7920433996383364,,,,,
Tongue and pulse diagnosis,0.7183406113537117,0.7992766726943942,,,,,
Tongue and pulse diagnosis,0.7205240174672489,0.7992766726943942,,,,,
Tongue and pulse diagnosis,0.7205240174672489,0.8047016274864376,,,,,
Tongue and pulse diagnosis,0.7314410480349345,0.8047016274864376,,,,,
Tongue and pulse diagnosis,0.7314410480349345,0.8083182640144665,,,,,
Tongue and pulse diagnosis,0.7358078602620087,0.8083182640144665,,,,,
Tongue and pulse diagnosis,0.7358078602620087,0.810126582278481,,,,,
Tongue and pulse diagnosis,0.7379912663755459,0.810126582278481,,,,,
Tongue and pulse diagnosis,0.7379912663755459,0.8155515370705244,,,,,
Tongue and pulse diagnosis,0.740174672489083,0.8155515370705244,,,,,
Tongue and pulse diagnosis,0.740174672489083,0.8264014466546112,,,,,
Tongue and pulse diagnosis,0.7532751091703057,0.8264014466546112,,,,,
Tongue and pulse diagnosis,0.7532751091703057,0.8282097649186256,,,,,
Tongue and pulse diagnosis,0.7554585152838428,0.8282097649186256,,,,,
Tongue and pulse diagnosis,0.7554585152838428,0.8318264014466547,,,,,
Tongue and pulse diagnosis,0.7620087336244541,0.8318264014466547,,,,,
Tongue and pulse diagnosis,0.7620087336244541,0.8372513562386981,,,,,
Tongue and pulse diagnosis,0.7641921397379913,0.8372513562386981,,,,,
Tongue and pulse diagnosis,0.7641921397379913,0.8390596745027125,,,,,
Tongue and pulse diagnosis,0.7685589519650655,0.8390596745027125,,,,,
Tongue and pulse diagnosis,0.7685589519650655,0.840867992766727,,,,,
Tongue and pulse diagnosis,0.7751091703056768,0.840867992766727,,,,,
Tongue and pulse diagnosis,0.7751091703056768,0.8462929475587704,,,,,
Tongue and pulse diagnosis,0.7860262008733624,0.8462929475587704,,,,,
Tongue and pulse diagnosis,0.7860262008733624,0.8481012658227848,,,,,
Tongue and pulse diagnosis,0.7925764192139738,0.8481012658227848,,,,,
Tongue and pulse diagnosis,0.7925764192139738,0.8517179023508138,,,,,
Tongue and pulse diagnosis,0.7947598253275109,0.8517179023508138,,,,,
Tongue and pulse diagnosis,0.7947598253275109,0.8571428571428571,,,,,
Tongue and pulse diagnosis,0.8013100436681223,0.8589511754068716,,,,,
Tongue and pulse diagnosis,0.8013100436681223,0.8607594936708861,,,,,
Tongue and pulse diagnosis,0.8078602620087336,0.8607594936708861,,,,,
Tongue and pulse diagnosis,0.8078602620087336,0.8625678119349005,,,,,
Tongue and pulse diagnosis,0.8187772925764192,0.8625678119349005,,,,,
Tongue and pulse diagnosis,0.8187772925764192,0.8679927667269439,,,,,
Tongue and pulse diagnosis,0.8209606986899564,0.8679927667269439,,,,,
Tongue and pulse diagnosis,0.8209606986899564,0.8716094032549728,,,,,
Tongue and pulse diagnosis,0.8231441048034934,0.8716094032549728,,,,,
Tongue and pulse diagnosis,0.8231441048034934,0.8734177215189873,,,,,
Tongue and pulse diagnosis,0.8253275109170306,0.8734177215189873,,,,,
Tongue and pulse diagnosis,0.8253275109170306,0.8752260397830018,,,,,
Tongue and pulse diagnosis,0.8296943231441049,0.8752260397830018,,,,,
Tongue and pulse diagnosis,0.8296943231441049,0.8788426763110307,,,,,
Tongue and pulse diagnosis,0.8449781659388647,0.8788426763110307,,,,,
Tongue and pulse diagnosis,0.8449781659388647,0.8824593128390597,,,,,
Tongue and pulse diagnosis,0.8580786026200873,0.8824593128390597,,,,,
Tongue and pulse diagnosis,0.8580786026200873,0.8842676311030742,,,,,
Tongue and pulse diagnosis,0.8602620087336245,0.8842676311030742,,,,,
Tongue and pulse diagnosis,0.8602620087336245,0.8878842676311031,,,,,
Tongue and pulse diagnosis,0.8624454148471615,0.8878842676311031,,,,,
Tongue and pulse diagnosis,0.8624454148471615,0.8933092224231465,,,,,
Tongue and pulse diagnosis,0.8646288209606987,0.8933092224231465,,,,,
Tongue and pulse diagnosis,0.8646288209606987,0.8969258589511754,,,,,
Tongue and pulse diagnosis,0.8777292576419214,0.8969258589511754,,,,,
Tongue and pulse diagnosis,0.8777292576419214,0.8987341772151899,,,,,
Tongue and pulse diagnosis,0.8799126637554585,0.8987341772151899,,,,,
Tongue and pulse diagnosis,0.8799126637554585,0.9023508137432188,,,,,
Tongue and pulse diagnosis,0.8820960698689956,0.9023508137432188,,,,,
Tongue and pulse diagnosis,0.8820960698689956,0.9041591320072333,,,,,
Tongue and pulse diagnosis,0.8842794759825328,0.9041591320072333,,,,,
Tongue and pulse diagnosis,0.8842794759825328,0.9077757685352622,,,,,
Tongue and pulse diagnosis,0.8864628820960698,0.9077757685352622,,,,,
Tongue and pulse diagnosis,0.8864628820960698,0.9095840867992767,,,,,
Tongue and pulse diagnosis,0.888646288209607,0.9095840867992767,,,,,
Tongue and pulse diagnosis,0.888646288209607,0.9113924050632911,,,,,
Tongue and pulse diagnosis,0.8908296943231441,0.9113924050632911,,,,,
Tongue and pulse diagnosis,0.8908296943231441,0.9168173598553345,,,,,
Tongue and pulse diagnosis,0.9061135371179039,0.9168173598553345,,,,,
Tongue and pulse diagnosis,0.9061135371179039,0.9222423146473779,,,,,
Tongue and pulse diagnosis,0.9082969432314411,0.9222423146473779,,,,,
Tongue and pulse diagnosis,0.9082969432314411,0.9276672694394213,,,,,
Tongue and pulse diagnosis,0.9104803493449781,0.9276672694394213,,,,,
Tongue and pulse diagnosis,0.9104803493449781,0.9330922242314648,,,,,
Tongue and pulse diagnosis,0.9126637554585153,0.9330922242314648,,,,,
Tongue and pulse diagnosis,0.9126637554585153,0.9349005424954792,,,,,
Tongue and pulse diagnosis,0.9170305676855895,0.9349005424954792,,,,,
Tongue and pulse diagnosis,0.9170305676855895,0.9421338155515371,,,,,
Tongue and pulse diagnosis,0.9192139737991266,0.9421338155515371,,,,,
Tongue and pulse diagnosis,0.9192139737991266,0.9511754068716094,,,,,
Tongue and pulse diagnosis,0.9213973799126638,0.9511754068716094,,,,,
Tongue and pulse diagnosis,0.9213973799126638,0.9547920433996383,,,,,
Tongue and pulse diagnosis,0.925764192139738,0.9547920433996383,,,,,
Tongue and pulse diagnosis,0.925764192139738,0.9566003616636528,,,,,
Tongue and pulse diagnosis,0.9301310043668122,0.9566003616636528,,,,,
Tongue and pulse diagnosis,0.9301310043668122,0.9584086799276673,,,,,
Tongue and pulse diagnosis,0.9344978165938864,0.9584086799276673,,,,,
Tongue and pulse diagnosis,0.9344978165938864,0.9602169981916817,,,,,
Tongue and pulse diagnosis,0.9388646288209607,0.9602169981916817,,,,,
Tongue and pulse diagnosis,0.9454148471615721,0.9638336347197106,,,,,
Tongue and pulse diagnosis,0.9454148471615721,0.9656419529837251,,,,,
Tongue and pulse diagnosis,0.9563318777292577,0.9656419529837251,,,,,
Tongue and pulse diagnosis,0.9563318777292577,0.969258589511754,,,,,
Tongue and pulse diagnosis,0.9606986899563319,0.969258589511754,,,,,
Tongue and pulse diagnosis,0.9606986899563319,0.9710669077757685,,,,,
Tongue and pulse diagnosis,0.962882096069869,0.9710669077757685,,,,,
Tongue and pulse diagnosis,0.962882096069869,0.9746835443037974,,,,,
Tongue and pulse diagnosis,0.9672489082969432,0.9746835443037974,,,,,
Tongue and pulse diagnosis,0.9672489082969432,0.9801084990958409,,,,,
Tongue and pulse diagnosis,0.9737991266375546,0.9801084990958409,,,,,
Tongue and pulse diagnosis,0.9737991266375546,0.9837251356238698,,,,,
Tongue and pulse diagnosis,0.9759825327510917,0.9837251356238698,,,,,
Tongue and pulse diagnosis,0.9759825327510917,0.9909584086799277,,,,,
Tongue and pulse diagnosis,0.982532751091703,0.9909584086799277,,,,,
Tongue and pulse diagnosis,0.982532751091703,0.9945750452079566,,,,,
Tongue and pulse diagnosis,0.9934497816593887,0.9945750452079566,,,,,
Tongue and pulse diagnosis,0.9934497816593887,1.0,,,,,
Tongue and pulse diagnosis,1.0,1.0,,,,,
Clinical baseline,0.0,0.0,,,0.5761388851599454,,
Clinical baseline,0.0,0.0018083182640144665,,,,,
Clinical baseline,0.0,0.007233273056057866,,,,,
Clinical baseline,0.002183406113537118,0.007233273056057866,,,,,
Clinical baseline,0.002183406113537118,0.012658227848101266,,,,,
Clinical baseline,0.004366812227074236,0.012658227848101266,,,,,
Clinical baseline,0.004366812227074236,0.014466546112115732,,,,,
Clinical baseline,0.006550218340611353,0.014466546112115732,,,,,
Clinical baseline,0.006550218340611353,0.0162748643761302,,,,,
Clinical baseline,0.008733624454148471,0.0162748643761302,,,,,
Clinical baseline,0.008733624454148471,0.027124773960216998,,,,,
Clinical baseline,0.010917030567685589,0.027124773960216998,,,,,
Clinical baseline,0.010917030567685589,0.0325497287522604,,,,,
Clinical baseline,0.013100436681222707,0.0325497287522604,,,,,
Clinical baseline,0.013100436681222707,0.034358047016274866,,,,,
Clinical baseline,0.015283842794759825,0.034358047016274866,,,,,
Clinical baseline,0.015283842794759825,0.0433996383363472,,,,,
Clinical baseline,0.017467248908296942,0.0433996383363472,,,,,
Clinical baseline,0.017467248908296942,0.048824593128390596,,,,,
Clinical baseline,0.019650655021834062,0.048824593128390596,,,,,
Clinical baseline,0.019650655021834062,0.059674502712477394,,,,,
Clinical baseline,0.021834061135371178,0.059674502712477394,,,,,
Clinical baseline,0.021834061135371178,0.06148282097649186,,,,,
Clinical baseline,0.024017467248908297,0.06148282097649186,,,,,
Clinical baseline,0.024017467248908297,0.06329113924050633,,,,,
Clinical baseline,0.026200873362445413,0.06329113924050633,,,,,
Clinical baseline,0.026200873362445413,0.06871609403254973,,,,,
Clinical baseline,0.028384279475982533,0.06871609403254973,,,,,
Clinical baseline,0.028384279475982533,0.07775768535262206,,,,,
Clinical baseline,0.03275109170305677,0.07775768535262206,,,,,
Clinical baseline,0.03275109170305677,0.081374321880651,,,,,
Clinical baseline,0.034934497816593885,0.081374321880651,,,,,
Clinical baseline,0.034934497816593885,0.08860759493670886,,,,,
Clinical baseline,0.04148471615720524,0.08860759493670886,,,,,
Clinical baseline,0.04148471615720524,0.09041591320072333,,,,,
Clinical baseline,0.04585152838427948,0.09041591320072333,,,,,
Clinical baseline,0.04585152838427948,0.09403254972875226,,,,,
Clinical baseline,0.048034934497816595,0.09403254972875226,,,,,
Clinical baseline,0.048034934497816595,0.09584086799276673,,,,,
Clinical baseline,0.05240174672489083,0.09584086799276673,,,,,
Clinical baseline,0.05240174672489083,0.10126582278481013,,,,,
Clinical baseline,0.0611353711790393,0.10126582278481013,,,,,
Clinical baseline,0.0611353711790393,0.10488245931283906,,,,,
Clinical baseline,0.06768558951965066,0.10488245931283906,,,,,
Clinical baseline,0.06768558951965066,0.10669077757685352,,,,,
Clinical baseline,0.06986899563318777,0.10669077757685352,,,,,
Clinical baseline,0.06986899563318777,0.11392405063291139,,,,,
Clinical baseline,0.08078602620087336,0.11392405063291139,,,,,
Clinical baseline,0.08078602620087336,0.12115732368896925,,,,,
Clinical baseline,0.08296943231441048,0.12115732368896925,,,,,
Clinical baseline,0.08296943231441048,0.12477396021699819,,,,,
Clinical baseline,0.08951965065502183,0.12477396021699819,,,,,
Clinical baseline,0.08951965065502183,0.13381555153707053,,,,,
Clinical baseline,0.09388646288209607,0.13381555153707053,,,,,
Clinical baseline,0.09388646288209607,0.13924050632911392,,,,,
Clinical baseline,0.09606986899563319,0.13924050632911392,,,,,
Clinical baseline,0.09606986899563319,0.1410488245931284,,,,,
Clinical baseline,0.10043668122270742,0.1410488245931284,,,,,
Clinical baseline,0.10043668122270742,0.14828209764918626,,,,,
Clinical baseline,0.10262008733624454,0.14828209764918626,,,,,
Clinical baseline,0.10262008733624454,0.1518987341772152,,,,,
Clinical baseline,0.10480349344978165,0.1518987341772152,,,,,
Clinical baseline,0.10480349344978165,0.15370705244122965,,,,,
Clinical baseline,0.10698689956331878,0.15370705244122965,,,,,
Clinical baseline,0.10698689956331878,0.15551537070524413,,,,,
Clinical baseline,0.11135371179039301,0.15551537070524413,,,,,
Clinical baseline,0.11135371179039301,0.15913200723327306,,,,,
Clinical baseline,0.11572052401746726,0.15913200723327306,,,,,
Clinical baseline,0.11572052401746726,0.16455696202531644,,,,,
Clinical baseline,0.11790393013100436,0.16455696202531644,,,,,
Clinical baseline,0.11790393013100436,0.1717902350813743,,,,,
Clinical baseline,0.12882096069868995,0.1717902350813743,,,,,
Clinical baseline,0.12882096069868995,0.17902350813743217,,,,,
Clinical baseline,0.13100436681222707,0.17902350813743217,,,,,
Clinical baseline,0.13100436681222707,0.18083182640144665,,,,,
Clinical baseline,0.1331877729257642,0.18083182640144665,,,,,
Clinical baseline,0.1331877729257642,0.19710669077757687,,,,,
Clinical baseline,0.13537117903930132,0.19710669077757687,,,,,
Clinical baseline,0.13537117903930132,0.20614828209764918,,,,,
Clinical baseline,0.13755458515283842,0.20614828209764918,,,,,
Clinical baseline,0.13755458515283842,0.20795660036166366,,,,,
Clinical baseline,0.13973799126637554,0.20795660036166366,,,,,
Clinical baseline,0.13973799126637554,0.20976491862567812,,,,,
Clinical baseline,0.14192139737991266,0.20976491862567812,,,,,
Clinical baseline,0.14192139737991266,0.2115732368896926,,,,,
Clinical baseline,0.14410480349344978,0.2115732368896926,,,,,
Clinical baseline,0.14410480349344978,0.21699819168173598,,,,,
Clinical baseline,0.1462882096069869,0.21699819168173598,,,,,
Clinical baseline,0.1462882096069869,0.2206148282097649,,,,,
Clinical baseline,0.15065502183406113,0.2206148282097649,,,,,
Clinical baseline,0.15065502183406113,0.22603978300180833,,,,,
Clinical baseline,0.1572052401746725,0.22603978300180833,,,,,
Clinical baseline,0.1572052401746725,0.22965641952983726,,,,,
Clinical baseline,0.1615720524017467,0.22965641952983726,,,,,
Clinical baseline,0.1615720524017467,0.2314647377938517,,,,,
Clinical baseline,0.16375545851528384,0.2314647377938517,,,,,
Clinical baseline,0.16375545851528384,0.2332730560578662,,,,,
Clinical baseline,0.16593886462882096,0.2332730560578662,,,,,
Clinical baseline,0.16593886462882096,0.23688969258589512,,,,,
Clinical baseline,0.1703056768558952,0.23688969258589512,,,,,
Clinical baseline,0.1703056768558952,0.24050632911392406,,,,,
Clinical baseline,0.17685589519650655,0.24050632911392406,,,,,
Clinical baseline,0.17685589519650655,0.2423146473779385,,,,,
Clinical baseline,0.18340611353711792,0.2423146473779385,,,,,
Clinical baseline,0.18340611353711792,0.244122965641953,,,,,
Clinical baseline,0.185589519650655,0.244122965641953,,,,,
Clinical baseline,0.185589519650655,0.2549728752260398,,,,,
Clinical baseline,0.19213973799126638,0.2549728752260398,,,,,
Clinical baseline,0.19213973799126638,0.25678119349005424,,,,,
Clinical baseline,0.1943231441048035,0.25678119349005424,,,,,
Clinical baseline,0.1943231441048035,0.2603978300180832,,,,,
Clinical baseline,0.20087336244541484,0.2603978300180832,,,,,
Clinical baseline,0.20087336244541484,0.26582278481012656,,,,,
Clinical baseline,0.2052401746724891,0.26582278481012656,,,,,
Clinical baseline,0.2052401746724891,0.26763110307414106,,,,,
Clinical baseline,0.2074235807860262,0.26763110307414106,,,,,
Clinical baseline,0.2074235807860262,0.27124773960216997,,,,,
Clinical baseline,0.21615720524017468,0.27124773960216997,,,,,
Clinical baseline,0.21615720524017468,0.28390596745027125,,,,,
Clinical baseline,0.22270742358078602,0.28390596745027125,,,,,
Clinical baseline,0.22270742358078602,0.2857142857142857,,,,,
Clinical baseline,0.22489082969432314,0.2857142857142857,,,,,
Clinical baseline,0.22489082969432314,0.2875226039783002,,,,,
Clinical baseline,0.2292576419213974,0.2875226039783002,,,,,
Clinical baseline,0.2292576419213974,0.28933092224231466,,,,,
Clinical baseline,0.2314410480349345,0.28933092224231466,,,,,
Clinical baseline,0.2314410480349345,0.29475587703435807,,,,,
Clinical baseline,0.23580786026200873,0.29475587703435807,,,,,
Clinical baseline,0.23580786026200873,0.298372513562387,,,,,
Clinical baseline,0.2445414847161572,0.298372513562387,,,,,
Clinical baseline,0.2445414847161572,0.30198915009041594,,,,,
Clinical baseline,0.24890829694323144,0.30198915009041594,,,,,
Clinical baseline,0.24890829694323144,0.3037974683544304,,,,,
Clinical baseline,0.25109170305676853,0.3037974683544304,,,,,
Clinical baseline,0.25109170305676853,0.3074141048824593,,,,,
Clinical baseline,0.2554585152838428,0.3074141048824593,,,,,
Clinical baseline,0.2554585152838428,0.321880650994575,,,,,
Clinical baseline,0.259825327510917,0.321880650994575,,,,,
Clinical baseline,0.259825327510917,0.3291139240506329,,,,,
Clinical baseline,0.26200873362445415,0.3291139240506329,,,,,
Clinical baseline,0.26200873362445415,0.3309222423146474,,,,,
Clinical baseline,0.2663755458515284,0.3309222423146474,,,,,
Clinical baseline,0.2663755458515284,0.33634719710669075,,,,,
Clinical baseline,0.2685589519650655,0.33634719710669075,,,,,
Clinical baseline,0.2685589519650655,0.33815551537070526,,,,,
Clinical baseline,0.27074235807860264,0.33815551537070526,,,,,
Clinical baseline,0.27074235807860264,0.34177215189873417,,,,,
Clinical baseline,0.27729257641921395,0.34177215189873417,,,,,
Clinical baseline,0.27729257641921395,0.3435804701627486,,,,,
Clinical baseline,0.2794759825327511,0.3435804701627486,,,,,
Clinical baseline,0.2794759825327511,0.34900542495479203,,,,,
Clinical baseline,0.2838427947598253,0.34900542495479203,,,,,
Clinical baseline,0.2838427947598253,0.35985533453887886,,,,,
Clinical baseline,0.28602620087336245,0.35985533453887886,,,,,
Clinical baseline,0.28602620087336245,0.3616636528028933,,,,,
Clinical baseline,0.28820960698689957,0.3616636528028933,,,,,
Clinical baseline,0.28820960698689957,0.36347197106690776,,,,,
Clinical baseline,0.2903930131004367,0.36347197106690776,,,,,
Clinical baseline,0.2903930131004367,0.3670886075949367,,,,,
Clinical baseline,0.2925764192139738,0.3670886075949367,,,,,
Clinical baseline,0.2925764192139738,0.3688969258589512,,,,,
Clinical baseline,0.29475982532751094,0.3688969258589512,,,,,
Clinical baseline,0.29475982532751094,0.3707052441229656,,,,,
Clinical baseline,0.30131004366812225,0.3707052441229656,,,,,
Clinical baseline,0.30131004366812225,0.37251356238698013,,,,,
Clinical baseline,0.3034934497816594,0.37251356238698013,,,,,
Clinical baseline,0.3034934497816594,0.3743218806509946,,,,,
Clinical baseline,0.3078602620087336,0.3743218806509946,,,,,
Clinical baseline,0.3078602620087336,0.3833634719710669,,,,,
Clinical baseline,0.31004366812227074,0.3833634719710669,,,,,
Clinical baseline,0.31004366812227074,0.38698010849909587,,,,,
Clinical baseline,0.31222707423580787,0.38698010849909587,,,,,
Clinical baseline,0.31222707423580787,0.3887884267631103,,,,,
Clinical baseline,0.314410480349345,0.3887884267631103,,,,,
Clinical baseline,0.314410480349345,0.39421338155515373,,,,,
Clinical baseline,0.3165938864628821,0.39421338155515373,,,,,
Clinical baseline,0.3165938864628821,0.39783001808318263,,,,,
Clinical baseline,0.31877729257641924,0.39783001808318263,,,,,
Clinical baseline,0.31877729257641924,0.3996383363471971,,,,,
Clinical baseline,0.3231441048034934,0.3996383363471971,,,,,
Clinical baseline,0.3231441048034934,0.4050632911392405,,,,,
Clinical baseline,0.32532751091703055,0.4050632911392405,,,,,
Clinical baseline,0.32532751091703055,0.40687160940325495,,,,,
Clinical baseline,0.3318777292576419,0.40687160940325495,,,,,
Clinical baseline,0.3318777292576419,0.4104882459312839,,,,,
Clinical baseline,0.33406113537117904,0.4104882459312839,,,,,
Clinical baseline,0.33406113537117904,0.4159132007233273,,,,,
Clinical baseline,0.3406113537117904,0.4159132007233273,,,,,
Clinical baseline,0.3406113537117904,0.4213381555153707,,,,,
Clinical baseline,0.34279475982532753,0.4213381555153707,,,,,
Clinical baseline,0.34279475982532753,0.4231464737793852,,,,,
Clinical baseline,0.34497816593886466,0.4231464737793852,,,,,
Clinical baseline,0.34497816593886466,0.4267631103074141,,,,,
Clinical baseline,0.3471615720524017,0.4267631103074141,,,,,
Clinical baseline,0.3471615720524017,0.43037974683544306,,,,,
Clinical baseline,0.34934497816593885,0.43037974683544306,,,,,
Clinical baseline,0.34934497816593885,0.4321880650994575,,,,,
Clinical baseline,0.3558951965065502,0.4321880650994575,,,,,
Clinical baseline,0.3558951965065502,0.43399638336347196,,,,,
Clinical baseline,0.35807860262008734,0.43399638336347196,,,,,
Clinical baseline,0.35807860262008734,0.4358047016274864,,,,,
Clinical baseline,0.3624454148471616,0.4358047016274864,,,,,
Clinical baseline,0.3624454148471616,0.4376130198915009,,,,,
Clinical baseline,0.3646288209606987,0.4376130198915009,,,,,
Clinical baseline,0.3646288209606987,0.4430379746835443,,,,,
Clinical baseline,0.36681222707423583,0.4430379746835443,,,,,
Clinical baseline,0.36681222707423583,0.4448462929475588,,,,,
Clinical baseline,0.36899563318777295,0.4448462929475588,,,,,
Clinical baseline,0.36899563318777295,0.44665461121157324,,,,,
Clinical baseline,0.37117903930131,0.44665461121157324,,,,,
Clinical baseline,0.37117903930131,0.45027124773960214,,,,,
Clinical baseline,0.37554585152838427,0.45027124773960214,,,,,
Clinical baseline,0.37554585152838427,0.45569620253164556,,,,,
Clinical baseline,0.3777292576419214,0.45569620253164556,,,,,
Clinical baseline,0.3777292576419214,0.4629294755877034,,,,,
Clinical baseline,0.3799126637554585,0.4629294755877034,,,,,
Clinical baseline,0.3799126637554585,0.46473779385171793,,,,,
Clinical baseline,0.38209606986899564,0.46473779385171793,,,,,
Clinical baseline,0.38209606986899564,0.4719710669077758,,,,,
Clinical baseline,0.3930131004366812,0.4719710669077758,,,,,
Clinical baseline,0.3930131004366812,0.47920433996383366,,,,,
Clinical baseline,0.39956331877729256,0.47920433996383366,,,,,
Clinical baseline,0.39956331877729256,0.484629294755877,,,,,
Clinical baseline,0.4017467248908297,0.484629294755877,,,,,
Clinical baseline,0.4017467248908297,0.488245931283906,,,,,
Clinical baseline,0.4039301310043668,0.488245931283906,,,,,
Clinical baseline,0.4039301310043668,0.49005424954792043,,,,,
Clinical baseline,0.40829694323144106,0.49005424954792043,,,,,
Clinical baseline,0.40829694323144106,0.4918625678119349,,,,,
Clinical baseline,0.4104803493449782,0.4918625678119349,,,,,
Clinical baseline,0.4104803493449782,0.5009041591320073,,,,,
Clinical baseline,0.4170305676855895,0.5009041591320073,,,,,
Clinical baseline,0.4170305676855895,0.5045207956600362,,,,,
Clinical baseline,0.42139737991266374,0.5045207956600362,,,,,
Clinical baseline,0.42139737991266374,0.5063291139240507,,,,,
Clinical baseline,0.4279475982532751,0.5063291139240507,,,,,
Clinical baseline,0.4279475982532751,0.5081374321880651,,,,,
Clinical baseline,0.43013100436681223,0.5081374321880651,,,,,
Clinical baseline,0.43013100436681223,0.5117540687160941,,,,,
Clinical baseline,0.43231441048034935,0.5117540687160941,,,,,
Clinical baseline,0.43231441048034935,0.5135623869801085,,,,,
Clinical baseline,0.4344978165938865,0.5135623869801085,,,,,
Clinical baseline,0.4344978165938865,0.5226039783001808,,,,,
Clinical baseline,0.4388646288209607,0.5226039783001808,,,,,
Clinical baseline,0.4388646288209607,0.5262206148282098,,,,,
Clinical baseline,0.4410480349344978,0.5262206148282098,,,,,
Clinical baseline,0.4410480349344978,0.5352622061482821,,,,,
Clinical baseline,0.4432314410480349,0.5352622061482821,,,,,
Clinical baseline,0.4432314410480349,0.5370705244122965,,,,,
Clinical baseline,0.44759825327510916,0.5370705244122965,,,,,
Clinical baseline,0.44759825327510916,0.538878842676311,,,,,
Clinical baseline,0.4519650655021834,0.538878842676311,,,,,
Clinical baseline,0.4519650655021834,0.5424954792043399,,,,,
Clinical baseline,0.45414847161572053,0.5424954792043399,,,,,
Clinical baseline,0.45414847161572053,0.546112115732369,,,,,
Clinical baseline,0.45633187772925765,0.546112115732369,,,,,
Clinical baseline,0.45633187772925765,0.5515370705244123,,,,,
Clinical baseline,0.462882096069869,0.5515370705244123,,,,,
Clinical baseline,0.462882096069869,0.5587703435804702,,,,,
Clinical baseline,0.4650655021834061,0.5587703435804702,,,,,
Clinical baseline,0.4650655021834061,0.5605786618444847,,,,,
Clinical baseline,0.4672489082969432,0.5605786618444847,,,,,
Clinical baseline,0.4672489082969432,0.5641952983725136,,,,,
Clinical baseline,0.46943231441048033,0.5641952983725136,,,,,
Clinical baseline,0.46943231441048033,0.566003616636528,,,,,
Clinical baseline,0.4737991266375546,0.566003616636528,,,,,
Clinical baseline,0.4737991266375546,0.5732368896925859,,,,,
Clinical baseline,0.4759825327510917,0.5732368896925859,,,,,
Clinical baseline,0.4759825327510917,0.5750452079566004,,,,,
Clinical baseline,0.48034934497816595,0.5750452079566004,,,,,
Clinical baseline,0.48034934497816595,0.5768535262206148,,,,,
Clinical baseline,0.48253275109170307,0.5768535262206148,,,,,
Clinical baseline,0.48253275109170307,0.5822784810126582,,,,,
Clinical baseline,0.4847161572052402,0.5822784810126582,,,,,
Clinical baseline,0.4847161572052402,0.5858951175406871,,,,,
Clinical baseline,0.4912663755458515,0.5858951175406871,,,,,
Clinical baseline,0.4912663755458515,0.593128390596745,,,,,
Clinical baseline,0.5021834061135371,0.593128390596745,,,,,
Clinical baseline,0.5021834061135371,0.5949367088607594,,,,,
Clinical baseline,0.5065502183406113,0.5949367088607594,,,,,
Clinical baseline,0.5065502183406113,0.5985533453887885,,,,,
Clinical baseline,0.5087336244541485,0.5985533453887885,,,,,
Clinical baseline,0.5087336244541485,0.6003616636528029,,,,,
Clinical baseline,0.5109170305676856,0.6003616636528029,,,,,
Clinical baseline,0.5109170305676856,0.6039783001808319,,,,,
Clinical baseline,0.5218340611353712,0.6039783001808319,,,,,
Clinical baseline,0.5218340611353712,0.6057866184448463,,,,,
Clinical baseline,0.5240174672489083,0.6057866184448463,,,,,
Clinical baseline,0.5240174672489083,0.6130198915009042,,,,,
Clinical baseline,0.5283842794759825,0.6130198915009042,,,,,
Clinical baseline,0.5283842794759825,0.6148282097649186,,,,,
Clinical baseline,0.5327510917030568,0.6148282097649186,,,,,
Clinical baseline,0.5327510917030568,0.620253164556962,,,,,
Clinical baseline,0.537117903930131,0.620253164556962,,,,,
Clinical baseline,0.537117903930131,0.6220614828209765,,,,,
Clinical baseline,0.5393013100436681,0.6220614828209765,,,,,
Clinical baseline,0.5393013100436681,0.6238698010849909,,,,,
Clinical baseline,0.5414847161572053,0.6238698010849909,,,,,
Clinical baseline,0.5414847161572053,0.6274864376130199,,,,,
Clinical baseline,0.5524017467248908,0.6274864376130199,,,,,
Clinical baseline,0.5524017467248908,0.6329113924050633,,,,,
Clinical baseline,0.5589519650655022,0.6329113924050633,,,,,
Clinical baseline,0.5589519650655022,0.64376130198915,,,,,
Clinical baseline,0.5611353711790393,0.64376130198915,,,,,
Clinical baseline,0.5611353711790393,0.6491862567811935,,,,,
Clinical baseline,0.5633187772925764,0.6491862567811935,,,,,
Clinical baseline,0.5633187772925764,0.6528028933092225,,,,,
Clinical baseline,0.574235807860262,0.6528028933092225,,,,,
Clinical baseline,0.574235807860262,0.6600361663652803,,,,,
Clinical baseline,0.5764192139737991,0.6600361663652803,,,,,
Clinical baseline,0.5764192139737991,0.6636528028933092,,,,,
Clinical baseline,0.5786026200873362,0.6636528028933092,,,,,
Clinical baseline,0.5786026200873362,0.6672694394213382,,,,,
Clinical baseline,0.5807860262008734,0.6672694394213382,,,,,
Clinical baseline,0.5807860262008734,0.6763110307414105,,,,,
Clinical baseline,0.5829694323144105,0.6763110307414105,,,,,
Clinical baseline,0.5829694323144105,0.6817359855334539,,,,,
Clinical baseline,0.5851528384279476,0.6817359855334539,,,,,
Clinical baseline,0.5851528384279476,0.6835443037974683,,,,,
Clinical baseline,0.5873362445414847,0.6835443037974683,,,,,
Clinical baseline,0.5873362445414847,0.6907775768535263,,,,,
Clinical baseline,0.5895196506550219,0.6907775768535263,,,,,
Clinical baseline,0.5895196506550219,0.705244122965642,,,,,
Clinical baseline,0.5917030567685589,0.705244122965642,,,,,
Clinical baseline,0.5917030567685589,0.7124773960216998,,,,,
Clinical baseline,0.6026200873362445,0.7124773960216998,,,,,
Clinical baseline,0.6026200873362445,0.7160940325497287,,,,,
Clinical baseline,0.6048034934497817,0.7160940325497287,,,,,
Clinical baseline,0.6048034934497817,0.7197106690777577,,,,,
Clinical baseline,0.6069868995633187,0.7197106690777577,,,,,
Clinical baseline,0.6069868995633187,0.7215189873417721,,,,,
Clinical baseline,0.6091703056768559,0.7215189873417721,,,,,
Clinical baseline,0.6091703056768559,0.7233273056057866,,,,,
Clinical baseline,0.611353711790393,0.7233273056057866,,,,,
Clinical baseline,0.611353711790393,0.7251356238698011,,,,,
Clinical baseline,0.6135371179039302,0.7251356238698011,,,,,
Clinical baseline,0.6135371179039302,0.7396021699819169,,,,,
Clinical baseline,0.6179039301310044,0.7396021699819169,,,,,
Clinical baseline,0.6179039301310044,0.7432188065099458,,,,,
Clinical baseline,0.6200873362445415,0.7432188065099458,,,,,
Clinical baseline,0.6200873362445415,0.7468354430379747,,,,,
Clinical baseline,0.6244541484716157,0.7468354430379747,,,,,
Clinical baseline,0.6244541484716157,0.7504520795660036,,,,,
Clinical baseline,0.6266375545851528,0.7504520795660036,,,,,
Clinical baseline,0.6266375545851528,0.7522603978300181,,,,,
Clinical baseline,0.62882096069869,0.7522603978300181,,,,,
Clinical baseline,0.62882096069869,0.7631103074141049,,,,,
Clinical baseline,0.631004366812227,0.7631103074141049,,,,,
Clinical baseline,0.631004366812227,0.7649186256781193,,,,,
Clinical baseline,0.6375545851528385,0.7649186256781193,,,,,
Clinical baseline,0.6375545851528385,0.7703435804701627,,,,,
Clinical baseline,0.6419213973799127,0.7703435804701627,,,,,
Clinical baseline,0.6419213973799127,0.7721518987341772,,,,,
Clinical baseline,0.6441048034934498,0.7721518987341772,,,,,
Clinical baseline,0.6441048034934498,0.7811934900542495,,,,,
Clinical baseline,0.6462882096069869,0.7811934900542495,,,,,
Clinical baseline,0.6462882096069869,0.783001808318264,,,,,
Clinical baseline,0.648471615720524,0.783001808318264,,,,,
Clinical baseline,0.648471615720524,0.7848101265822784,,,,,
Clinical baseline,0.6506550218340611,0.7848101265822784,,,,,
Clinical baseline,0.6506550218340611,0.7920433996383364,,,,,
Clinical baseline,0.6550218340611353,0.7920433996383364,,,,,
Clinical baseline,0.6550218340611353,0.7938517179023508,,,,,
Clinical baseline,0.6615720524017468,0.7938517179023508,,,,,
Clinical baseline,0.6615720524017468,0.7956600361663653,,,,,
Clinical baseline,0.6703056768558951,0.7956600361663653,,,,,
Clinical baseline,0.6703056768558951,0.7992766726943942,,,,,
Clinical baseline,0.6746724890829694,0.7992766726943942,,,,,
Clinical baseline,0.6746724890829694,0.8028933092224232,,,,,
Clinical baseline,0.6768558951965066,0.8028933092224232,,,,,
Clinical baseline,0.6768558951965066,0.8047016274864376,,,,,
Clinical baseline,0.6790393013100436,0.8047016274864376,,,,,
Clinical baseline,0.6790393013100436,0.810126582278481,,,,,
Clinical baseline,0.6855895196506551,0.810126582278481,,,,,
Clinical baseline,0.6855895196506551,0.8173598553345389,,,,,
Clinical baseline,0.6921397379912664,0.8173598553345389,,,,,
Clinical baseline,0.6921397379912664,0.8245931283905967,,,,,
Clinical baseline,0.6943231441048034,0.8245931283905967,,,,,
Clinical baseline,0.6943231441048034,0.8264014466546112,,,,,
Clinical baseline,0.6965065502183406,0.8264014466546112,,,,,
Clinical baseline,0.6965065502183406,0.8282097649186256,,,,,
Clinical baseline,0.6986899563318777,0.8282097649186256,,,,,
Clinical baseline,0.6986899563318777,0.8354430379746836,,,,,
Clinical baseline,0.7030567685589519,0.8354430379746836,,,,,
Clinical baseline,0.7030567685589519,0.8372513562386981,,,,,
Clinical baseline,0.7074235807860262,0.8372513562386981,,,,,
Clinical baseline,0.7074235807860262,0.8390596745027125,,,,,
Clinical baseline,0.7117903930131004,0.8390596745027125,,,,,
Clinical baseline,0.7117903930131004,0.8426763110307414,,,,,
Clinical baseline,0.7161572052401747,0.8426763110307414,,,,,
Clinical baseline,0.7161572052401747,0.8462929475587704,,,,,
Clinical baseline,0.7292576419213974,0.8462929475587704,,,,,
Clinical baseline,0.7292576419213974,0.8499095840867993,,,,,
Clinical baseline,0.7336244541484717,0.8499095840867993,,,,,
Clinical baseline,0.7336244541484717,0.8517179023508138,,,,,
Clinical baseline,0.740174672489083,0.8517179023508138,,,,,
Clinical baseline,0.740174672489083,0.8571428571428571,,,,,
Clinical baseline,0.7445414847161572,0.8571428571428571,,,,,
Clinical baseline,0.7445414847161572,0.8625678119349005,,,,,
Clinical baseline,0.7641921397379913,0.8625678119349005,,,,,
Clinical baseline,0.7641921397379913,0.864376130198915,,,,,
Clinical baseline,0.7663755458515283,0.864376130198915,,,,,
Clinical baseline,0.7663755458515283,0.8661844484629295,,,,,
Clinical baseline,0.7729257641921398,0.8661844484629295,,,,,
Clinical baseline,0.7729257641921398,0.8698010849909584,,,,,
Clinical baseline,0.7816593886462883,0.8698010849909584,,,,,
Clinical baseline,0.7816593886462883,0.8716094032549728,,,,,
Clinical baseline,0.7903930131004366,0.8716094032549728,,,,,
Clinical baseline,0.7903930131004366,0.8734177215189873,,,,,
Clinical baseline,0.7925764192139738,0.8734177215189873,,,,,
Clinical baseline,0.7925764192139738,0.8806509945750453,,,,,
Clinical baseline,0.7969432314410481,0.8806509945750453,,,,,
Clinical baseline,0.7969432314410481,0.8860759493670886,,,,,
Clinical baseline,0.8122270742358079,0.8860759493670886,,,,,
Clinical baseline,0.8122270742358079,0.8896925858951176,,,,,
Clinical baseline,0.8144104803493449,0.8896925858951176,,,,,
Clinical baseline,0.8144104803493449,0.891500904159132,,,,,
Clinical baseline,0.8165938864628821,0.891500904159132,,,,,
Clinical baseline,0.8165938864628821,0.8933092224231465,,,,,
Clinical baseline,0.8187772925764192,0.8933092224231465,,,,,
Clinical baseline,0.8187772925764192,0.9005424954792043,,,,,
Clinical baseline,0.8231441048034934,0.9005424954792043,,,,,
Clinical baseline,0.8231441048034934,0.9041591320072333,,,,,
Clinical baseline,0.8296943231441049,0.9041591320072333,,,,,
Clinical baseline,0.8296943231441049,0.9059674502712477,,,,,
Clinical baseline,0.834061135371179,0.9059674502712477,,,,,
Clinical baseline,0.834061135371179,0.9095840867992767,,,,,
Clinical baseline,0.8406113537117904,0.9095840867992767,,,,,
Clinical baseline,0.8406113537117904,0.9150090415913201,,,,,
Clinical baseline,0.8427947598253275,0.9150090415913201,,,,,
Clinical baseline,0.8427947598253275,0.9204339963833634,,,,,
Clinical baseline,0.8493449781659389,0.9204339963833634,,,,,
Clinical baseline,0.8493449781659389,0.9240506329113924,,,,,
Clinical baseline,0.8580786026200873,0.9240506329113924,,,,,
Clinical baseline,0.8580786026200873,0.9258589511754068,,,,,
Clinical baseline,0.8602620087336245,0.9258589511754068,,,,,
Clinical baseline,0.8602620087336245,0.9349005424954792,,,,,
Clinical baseline,0.8624454148471615,0.9349005424954792,,,,,
Clinical baseline,0.8624454148471615,0.9367088607594937,,,,,
Clinical baseline,0.8646288209606987,0.9367088607594937,,,,,
Clinical baseline,0.8646288209606987,0.9403254972875226,,,,,
Clinical baseline,0.87117903930131,0.9403254972875226,,,,,
Clinical baseline,0.87117903930131,0.9421338155515371,,,,,
Clinical baseline,0.8777292576419214,0.9421338155515371,,,,,
Clinical baseline,0.8777292576419214,0.945750452079566,,,,,
Clinical baseline,0.8864628820960698,0.945750452079566,,,,,
Clinical baseline,0.8864628820960698,0.9475587703435805,,,,,
Clinical baseline,0.888646288209607,0.9475587703435805,,,,,
Clinical baseline,0.888646288209607,0.9493670886075949,,,,,
Clinical baseline,0.8908296943231441,0.9493670886075949,,,,,
Clinical baseline,0.8908296943231441,0.9547920433996383,,,,,
Clinical baseline,0.8951965065502183,0.9547920433996383,,,,,
Clinical baseline,0.8951965065502183,0.9566003616636528,,,,,
Clinical baseline,0.8995633187772926,0.9566003616636528,,,,,
Clinical baseline,0.8995633187772926,0.9602169981916817,,,,,
Clinical baseline,0.9017467248908297,0.9602169981916817,,,,,
Clinical baseline,0.9017467248908297,0.9620253164556962,,,,,
Clinical baseline,0.9148471615720524,0.9620253164556962,,,,,
Clinical baseline,0.9148471615720524,0.9638336347197106,,,,,
Clinical baseline,0.9192139737991266,0.9638336347197106,,,,,
Clinical baseline,0.9192139737991266,0.9656419529837251,,,,,
Clinical baseline,0.9213973799126638,0.9656419529837251,,,,,
Clinical baseline,0.9213973799126638,0.972875226039783,,,,,
Clinical baseline,0.9235807860262009,0.972875226039783,,,,,
Clinical baseline,0.9235807860262009,0.9746835443037974,,,,,
Clinical baseline,0.9344978165938864,0.9746835443037974,,,,,
Clinical baseline,0.9344978165938864,0.976491862567812,,,,,
Clinical baseline,0.9432314410480349,0.976491862567812,,,,,
Clinical baseline,0.9432314410480349,0.9837251356238698,,,,,
Clinical baseline,0.9454148471615721,0.9837251356238698,,,,,
Clinical baseline,0.9454148471615721,0.9873417721518988,,,,,
Clinical baseline,0.9563318777292577,0.9873417721518988,,,,,
Clinical baseline,0.9563318777292577,0.9891500904159132,,,,,
Clinical baseline,0.9585152838427947,0.9891500904159132,,,,,
Clinical baseline,0.9585152838427947,0.9909584086799277,,,,,
Clinical baseline,0.9606986899563319,0.9909584086799277,,,,,
Clinical baseline,0.9606986899563319,0.9927667269439421,,,,,
Clinical baseline,0.962882096069869,0.9927667269439421,,,,,
Clinical baseline,0.962882096069869,0.9945750452079566,,,,,
Clinical baseline,0.9759825327510917,0.9945750452079566,,,,,
Clinical baseline,0.9759825327510917,0.9963833634719711,,,,,
Clinical baseline,0.9847161572052402,0.9963833634719711,,,,,
Clinical baseline,0.9847161572052402,0.9981916817359855,,,,,
Clinical baseline,0.9868995633187773,0.9981916817359855,,,,,
Clinical baseline,0.9868995633187773,1.0,,,,,
Clinical baseline,1.0,1.0,,,,,
Physical and chemical examination,0.0,0.0,,,0.5219209235847343,,
Physical and chemical examination,0.0,0.0018083182640144665,,,,,
Physical and chemical examination,0.0,0.007233273056057866,,,,,
Physical and chemical examination,0.002183406113537118,0.007233273056057866,,,,,
Physical and chemical examination,0.002183406113537118,0.014466546112115732,,,,,
Physical and chemical examination,0.004366812227074236,0.014466546112115732,,,,,
Physical and chemical examination,0.004366812227074236,0.0162748643761302,,,,,
Physical and chemical examination,0.008733624454148471,0.0162748643761302,,,,,
Physical and chemical examination,0.008733624454148471,0.0216998191681736,,,,,
Physical and chemical examination,0.010917030567685589,0.0216998191681736,,,,,
Physical and chemical examination,0.010917030567685589,0.023508137432188065,,,,,
Physical and chemical examination,0.013100436681222707,0.023508137432188065,,,,,
Physical and chemical examination,0.013100436681222707,0.02531645569620253,,,,,
Physical and chemical examination,0.015283842794759825,0.02531645569620253,,,,,
Physical and chemical examination,0.015283842794759825,0.027124773960216998,,,,,
Physical and chemical examination,0.017467248908296942,0.027124773960216998,,,,,
Physical and chemical examination,0.017467248908296942,0.03074141048824593,,,,,
Physical and chemical examination,0.021834061135371178,0.03074141048824593,,,,,
Physical and chemical examination,0.021834061135371178,0.0325497287522604,,,,,
Physical and chemical examination,0.024017467248908297,0.0325497287522604,,,,,
Physical and chemical examination,0.024017467248908297,0.04159132007233273,,,,,
Physical and chemical examination,0.026200873362445413,0.04159132007233273,,,,,
Physical and chemical examination,0.026200873362445413,0.05244122965641953,,,,,
Physical and chemical examination,0.03056768558951965,0.05244122965641953,,,,,
Physical and chemical examination,0.03056768558951965,0.054249547920433995,,,,,
Physical and chemical examination,0.03275109170305677,0.054249547920433995,,,,,
Physical and chemical examination,0.03275109170305677,0.05605786618444846,,,,,
Physical and chemical examination,0.034934497816593885,0.05605786618444846,,,,,
Physical and chemical examination,0.034934497816593885,0.0650994575045208,,,,,
Physical and chemical examination,0.03711790393013101,0.0650994575045208,,,,,
Physical and chemical examination,0.03711790393013101,0.07233273056057866,,,,,
Physical and chemical examination,0.039301310043668124,0.07233273056057866,,,,,
Physical and chemical examination,0.039301310043668124,0.08318264014466546,,,,,
Physical and chemical examination,0.04148471615720524,0.08318264014466546,,,,,
Physical and chemical examination,0.04148471615720524,0.09041591320072333,,,,,
Physical and chemical examination,0.043668122270742356,0.09041591320072333,,,,,
Physical and chemical examination,0.043668122270742356,0.09584086799276673,,,,,
Physical and chemical examination,0.04585152838427948,0.09584086799276673,,,,,
Physical and chemical examination,0.04585152838427948,0.09764918625678119,,,,,
Physical and chemical examination,0.048034934497816595,0.09764918625678119,,,,,
Physical and chemical examination,0.048034934497816595,0.10669077757685352,,,,,
Physical and chemical examination,0.05021834061135371,0.10669077757685352,,,,,
Physical and chemical examination,0.05021834061135371,0.11211573236889692,,,,,
Physical and chemical examination,0.08078602620087336,0.13200723327305605,,,,,
Physical and chemical examination,0.08078602620087336,0.13924050632911392,,,,,
Physical and chemical examination,0.08296943231441048,0.13924050632911392,,,,,
Physical and chemical examination,0.08296943231441048,0.1410488245931284,,,,,
Physical and chemical examination,0.0851528384279476,0.1410488245931284,,,,,
Physical and chemical examination,0.0851528384279476,0.14647377938517178,,,,,
Physical and chemical examination,0.08951965065502183,0.14647377938517178,,,,,
Physical and chemical examination,0.08951965065502183,0.14828209764918626,,,,,
Physical and chemical examination,0.09606986899563319,0.14828209764918626,,,,,
Physical and chemical examination,0.09606986899563319,0.15009041591320071,,,,,
Physical and chemical examination,0.0982532751091703,0.15009041591320071,,,,,
Physical and chemical examination,0.0982532751091703,0.1518987341772152,,,,,
Physical and chemical examination,0.10262008733624454,0.1518987341772152,,,,,
Physical and chemical examination,0.10262008733624454,0.162748643761302,,,,,
Physical and chemical examination,0.10480349344978165,0.162748643761302,,,,,
Physical and chemical examination,0.1222707423580786,0.17902350813743217,,,,,
Physical and chemical examination,0.1222707423580786,0.1844484629294756,,,,,
Physical and chemical examination,0.12445414847161572,0.1844484629294756,,,,,
Physical and chemical examination,0.12445414847161572,0.18806509945750452,,,,,
Physical and chemical examination,0.12882096069868995,0.18806509945750452,,,,,
Physical and chemical examination,0.12882096069868995,0.189873417721519,,,,,
Physical and chemical examination,0.13100436681222707,0.189873417721519,,,,,
Physical and chemical examination,0.13100436681222707,0.19529837251356238,,,,,
Physical and chemical examination,0.13537117903930132,0.19529837251356238,,,,,
Physical and chemical examination,0.13537117903930132,0.19710669077757687,,,,,
Physical and chemical examination,0.1462882096069869,0.19710669077757687,,,,,
Physical and chemical examination,0.1462882096069869,0.19891500904159132,,,,,
Physical and chemical examination,0.15502183406113537,0.19891500904159132,,,,,
Physical and chemical examination,0.15502183406113537,0.20253164556962025,,,,,
Physical and chemical examination,0.1572052401746725,0.20253164556962025,,,,,
Physical and chemical examination,0.1572052401746725,0.20614828209764918,,,,,
Physical and chemical examination,0.1615720524017467,0.20614828209764918,,,,,
Physical and chemical examination,0.1615720524017467,0.20795660036166366,,,,,
Physical and chemical examination,0.16375545851528384,0.20795660036166366,,,,,
Physical and chemical examination,0.16375545851528384,0.20976491862567812,,,,,
Physical and chemical examination,0.16593886462882096,0.20976491862567812,,,,,
Physical and chemical examination,0.16593886462882096,0.21338155515370705,,,,,
Physical and chemical examination,0.16812227074235808,0.21338155515370705,,,,,
Physical and chemical examination,0.16812227074235808,0.21518987341772153,,,,,
Physical and chemical examination,0.1703056768558952,0.21518987341772153,,,,,
Physical and chemical examination,0.1703056768558952,0.21880650994575046,,,,,
Physical and chemical examination,0.17903930131004367,0.21880650994575046,,,,,
Physical and chemical examination,0.17903930131004367,0.2314647377938517,,,,,
Physical and chemical examination,0.1812227074235808,0.2314647377938517,,,,,
Physical and chemical examination,0.1812227074235808,0.23508137432188064,,,,,
Physical and chemical examination,0.18340611353711792,0.23508137432188064,,,,,
Physical and chemical examination,0.18340611353711792,0.23869801084990958,,,,,
Physical and chemical examination,0.185589519650655,0.23869801084990958,,,,,
Physical and chemical examination,0.185589519650655,0.24050632911392406,,,,,
Physical and chemical examination,0.19213973799126638,0.24050632911392406,,,,,
Physical and chemical examination,0.19213973799126638,0.244122965641953,,,,,
Physical and chemical examination,0.1943231441048035,0.244122965641953,,,,,
Physical and chemical examination,0.1943231441048035,0.24773960216998192,,,,,
Physical and chemical examination,0.1965065502183406,0.24773960216998192,,,,,
Physical and chemical examination,0.1965065502183406,0.2513562386980108,,,,,
Physical and chemical examination,0.19868995633187772,0.2513562386980108,,,,,
Physical and chemical examination,0.19868995633187772,0.25316455696202533,,,,,
Physical and chemical examination,0.2096069868995633,0.25316455696202533,,,,,
Physical and chemical examination,0.2096069868995633,0.2549728752260398,,,,,
Physical and chemical examination,0.21179039301310043,0.2549728752260398,,,,,
Physical and chemical examination,0.21179039301310043,0.25678119349005424,,,,,
Physical and chemical examination,0.21615720524017468,0.25678119349005424,,,,,
Physical and chemical examination,0.21615720524017468,0.2585895117540687,,,,,
Physical and chemical examination,0.2205240174672489,0.2585895117540687,,,,,
Physical and chemical examination,0.2205240174672489,0.26220614828209765,,,,,
Physical and chemical examination,0.22270742358078602,0.26220614828209765,,,,,
Physical and chemical examination,0.22270742358078602,0.26582278481012656,,,,,
Physical and chemical examination,0.2292576419213974,0.26582278481012656,,,,,
Physical and chemical examination,0.2292576419213974,0.26763110307414106,,,,,
Physical and chemical examination,0.2314410480349345,0.26763110307414106,,,,,
Physical and chemical examination,0.2314410480349345,0.27486437613019893,,,,,
Physical and chemical examination,0.23799126637554585,0.27486437613019893,,,,,
Physical and chemical examination,0.23799126637554585,0.27848101265822783,,,,,
Physical and chemical examination,0.2423580786026201,0.27848101265822783,,,,,
Physical and chemical examination,0.2423580786026201,0.28390596745027125,,,,,
Physical and chemical examination,0.2445414847161572,0.28390596745027125,,,,,
Physical and chemical examination,0.2445414847161572,0.2857142857142857,,,,,
Physical and chemical examination,0.24672489082969432,0.2857142857142857,,,,,
Physical and chemical examination,0.24672489082969432,0.2875226039783002,,,,,
Physical and chemical examination,0.25327510917030566,0.2875226039783002,,,,,
Physical and chemical examination,0.25327510917030566,0.29294755877034356,,,,,
Physical and chemical examination,0.2663755458515284,0.29294755877034356,,,,,
Physical and chemical examination,0.2663755458515284,0.298372513562387,,,,,
Physical and chemical examination,0.2685589519650655,0.298372513562387,,,,,
Physical and chemical examination,0.2685589519650655,0.30018083182640143,,,,,
Physical and chemical examination,0.27292576419213976,0.30018083182640143,,,,,
Physical and chemical examination,0.27292576419213976,0.3037974683544304,,,,,
Physical and chemical examination,0.27510917030567683,0.3037974683544304,,,,,
Physical and chemical examination,0.27510917030567683,0.30560578661844484,,,,,
Physical and chemical examination,0.27729257641921395,0.30560578661844484,,,,,
Physical and chemical examination,0.27729257641921395,0.3074141048824593,,,,,
Physical and chemical examination,0.2816593886462882,0.3074141048824593,,,,,
Physical and chemical examination,0.2816593886462882,0.31103074141048825,,,,,
Physical and chemical examination,0.28602620087336245,0.31103074141048825,,,,,
Physical and chemical examination,0.28602620087336245,0.3182640144665461,,,,,
Physical and chemical examination,0.28820960698689957,0.3182640144665461,,,,,
Physical and chemical examination,0.28820960698689957,0.32007233273056057,,,,,
Physical and chemical examination,0.2903930131004367,0.32007233273056057,,,,,
Physical and chemical examination,0.2903930131004367,0.321880650994575,,,,,
Physical and chemical examination,0.29694323144104806,0.321880650994575,,,,,
Physical and chemical examination,0.29694323144104806,0.32368896925858953,,,,,
Physical and chemical examination,0.29912663755458513,0.32368896925858953,,,,,
Physical and chemical examination,0.29912663755458513,0.325497287522604,,,,,
Physical and chemical examination,0.3056768558951965,0.325497287522604,,,,,
Physical and chemical examination,0.3056768558951965,0.32730560578661844,,,,,
Physical and chemical examination,0.3078602620087336,0.32730560578661844,,,,,
Physical and chemical examination,0.3078602620087336,0.3309222423146474,,,,,
Physical and chemical examination,0.31222707423580787,0.3309222423146474,,,,,
Physical and chemical examination,0.31222707423580787,0.33273056057866185,,,,,
Physical and chemical examination,0.31877729257641924,0.33273056057866185,,,,,
Physical and chemical examination,0.31877729257641924,0.33815551537070526,,,,,
Physical and chemical examination,0.32532751091703055,0.33815551537070526,,,,,
Physical and chemical examination,0.32532751091703055,0.34900542495479203,,,,,
Physical and chemical examination,0.3318777292576419,0.34900542495479203,,,,,
Physical and chemical examination,0.3318777292576419,0.352622061482821,,,,,
Physical and chemical examination,0.3384279475982533,0.352622061482821,,,,,
Physical and chemical examination,0.3384279475982533,0.3562386980108499,,,,,
Physical and chemical examination,0.34497816593886466,0.3562386980108499,,,,,
Physical and chemical examination,0.34497816593886466,0.35804701627486435,,,,,
Physical and chemical examination,0.34934497816593885,0.35804701627486435,,,,,
Physical and chemical examination,0.34934497816593885,0.3707052441229656,,,,,
Physical and chemical examination,0.3537117903930131,0.3707052441229656,,,,,
Physical and chemical examination,0.3537117903930131,0.3743218806509946,,,,,
Physical and chemical examination,0.35807860262008734,0.3743218806509946,,,,,
Physical and chemical examination,0.35807860262008734,0.37613019891500904,,,,,
Physical and chemical examination,0.3624454148471616,0.37613019891500904,,,,,
Physical and chemical examination,0.3624454148471616,0.379746835443038,,,,,
Physical and chemical examination,0.37117903930131,0.379746835443038,,,,,
Physical and chemical examination,0.37117903930131,0.38155515370705245,,,,,
Physical and chemical examination,0.37554585152838427,0.38155515370705245,,,,,
Physical and chemical examination,0.37554585152838427,0.3833634719710669,,,,,
Physical and chemical examination,0.3777292576419214,0.3833634719710669,,,,,
Physical and chemical examination,0.3777292576419214,0.39059674502712477,,,,,
Physical and chemical examination,0.38209606986899564,0.39059674502712477,,,,,
Physical and chemical examination,0.38209606986899564,0.3924050632911392,,,,,
Physical and chemical examination,0.38427947598253276,0.3924050632911392,,,,,
Physical and chemical examination,0.38427947598253276,0.40687160940325495,,,,,
Physical and chemical examination,0.3864628820960699,0.40687160940325495,,,,,
Physical and chemical examination,0.3864628820960699,0.4141048824593128,,,,,
Physical and chemical examination,0.39082969432314413,0.4141048824593128,,,,,
Physical and chemical examination,0.39082969432314413,0.4159132007233273,,,,,
Physical and chemical examination,0.3930131004366812,0.4159132007233273,,,,,
Physical and chemical examination,0.3930131004366812,0.4177215189873418,,,,,
Physical and chemical examination,0.4017467248908297,0.4177215189873418,,,,,
Physical and chemical examination,0.4017467248908297,0.41952983725135623,,,,,
Physical and chemical examination,0.4126637554585153,0.41952983725135623,,,,,
Physical and chemical examination,0.4126637554585153,0.4231464737793852,,,,,
Physical and chemical examination,0.4170305676855895,0.4231464737793852,,,,,
Physical and chemical examination,0.4170305676855895,0.4267631103074141,,,,,
Physical and chemical examination,0.42139737991266374,0.4267631103074141,,,,,
Physical and chemical examination,0.42139737991266374,0.42857142857142855,,,,,
Physical and chemical examination,0.42358078602620086,0.42857142857142855,,,,,
Physical and chemical examination,0.42358078602620086,0.4321880650994575,,,,,
Physical and chemical examination,0.4279475982532751,0.4321880650994575,,,,,
Physical and chemical examination,0.4279475982532751,0.43399638336347196,,,,,
Physical and chemical examination,0.43013100436681223,0.43399638336347196,,,,,
Physical and chemical examination,0.43013100436681223,0.4376130198915009,,,,,
Physical and chemical examination,0.4388646288209607,0.4376130198915009,,,,,
Physical and chemical examination,0.4388646288209607,0.44665461121157324,,,,,
Physical and chemical examination,0.4432314410480349,0.44665461121157324,,,,,
Physical and chemical examination,0.4432314410480349,0.45750452079566006,,,,,
Physical and chemical examination,0.44759825327510916,0.45750452079566006,,,,,
Physical and chemical examination,0.44759825327510916,0.4593128390596745,,,,,
Physical and chemical examination,0.4497816593886463,0.4593128390596745,,,,,
Physical and chemical examination,0.4497816593886463,0.4629294755877034,,,,,
Physical and chemical examination,0.4519650655021834,0.4629294755877034,,,,,
Physical and chemical examination,0.4519650655021834,0.46473779385171793,,,,,
Physical and chemical examination,0.45414847161572053,0.46473779385171793,,,,,
Physical and chemical examination,0.45414847161572053,0.46835443037974683,,,,,
Physical and chemical examination,0.462882096069869,0.46835443037974683,,,,,
Physical and chemical examination,0.462882096069869,0.47377938517179025,,,,,
Physical and chemical examination,0.4650655021834061,0.47377938517179025,,,,,
Physical and chemical examination,0.4650655021834061,0.47739602169981915,,,,,
Physical and chemical examination,0.4672489082969432,0.47739602169981915,,,,,
Physical and chemical examination,0.4672489082969432,0.5045207956600362,,,,,
Physical and chemical examination,0.47161572052401746,0.5045207956600362,,,,,
Physical and chemical examination,0.47161572052401746,0.5063291139240507,,,,,
Physical and chemical examination,0.4737991266375546,0.5063291139240507,,,,,
Physical and chemical examination,0.4737991266375546,0.5171790235081374,,,,,
Physical and chemical examination,0.4759825327510917,0.5171790235081374,,,,,
Physical and chemical examination,0.4759825327510917,0.5189873417721519,,,,,
Physical and chemical examination,0.4781659388646288,0.5189873417721519,,,,,
Physical and chemical examination,0.4781659388646288,0.5226039783001808,,,,,
Physical and chemical examination,0.4847161572052402,0.5226039783001808,,,,,
Physical and chemical examination,0.4847161572052402,0.5262206148282098,,,,,
Physical and chemical examination,0.4868995633187773,0.5262206148282098,,,,,
Physical and chemical examination,0.4868995633187773,0.5280289330922242,,,,,
Physical and chemical examination,0.4890829694323144,0.5280289330922242,,,,,
Physical and chemical examination,0.4890829694323144,0.5298372513562387,,,,,
Physical and chemical examination,0.49344978165938863,0.5298372513562387,,,,,
Physical and chemical examination,0.49344978165938863,0.5316455696202531,,,,,
Physical and chemical examination,0.49563318777292575,0.5316455696202531,,,,,
Physical and chemical examination,0.49563318777292575,0.5424954792043399,,,,,
Physical and chemical examination,0.4978165938864629,0.5424954792043399,,,,,
Physical and chemical examination,0.4978165938864629,0.546112115732369,,,,,
Physical and chemical examination,0.5021834061135371,0.546112115732369,,,,,
Physical and chemical examination,0.5021834061135371,0.5479204339963833,,,,,
Physical and chemical examination,0.5087336244541485,0.5479204339963833,,,,,
Physical and chemical examination,0.5327510917030568,0.5768535262206148,,,,,
Physical and chemical examination,0.5327510917030568,0.5786618444846293,,,,,
Physical and chemical examination,0.5349344978165939,0.5786618444846293,,,,,
Physical and chemical examination,0.5349344978165939,0.5822784810126582,,,,,
Physical and chemical examination,0.5393013100436681,0.5822784810126582,,,,,
Physical and chemical examination,0.5436681222707423,0.5822784810126582,,,,,
Physical and chemical examination,0.5436681222707423,0.5858951175406871,,,,,
Physical and chemical examination,0.5458515283842795,0.5858951175406871,,,,,
Physical and chemical examination,0.5458515283842795,0.5895117540687161,,,,,
Physical and chemical examination,0.5480349344978166,0.5895117540687161,,,,,
Physical and chemical examination,0.5480349344978166,0.5913200723327305,,,,,
Physical and chemical examination,0.5502183406113537,0.5913200723327305,,,,,
Physical and chemical examination,0.5502183406113537,0.593128390596745,,,,,
Physical and chemical examination,0.5524017467248908,0.593128390596745,,,,,
Physical and chemical examination,0.5524017467248908,0.5949367088607594,,,,,
Physical and chemical examination,0.5567685589519651,0.5949367088607594,,,,,
Physical and chemical examination,0.5567685589519651,0.5985533453887885,,,,,
Physical and chemical examination,0.5589519650655022,0.5985533453887885,,,,,
Physical and chemical examination,0.5589519650655022,0.6003616636528029,,,,,
Physical and chemical examination,0.5611353711790393,0.6003616636528029,,,,,
Physical and chemical examination,0.5917030567685589,0.620253164556962,,,,,
Physical and chemical examination,0.5938864628820961,0.620253164556962,,,,,
Physical and chemical examination,0.5938864628820961,0.6220614828209765,,,,,
Physical and chemical examination,0.5960698689956332,0.6220614828209765,,,,,
Physical and chemical examination,0.5960698689956332,0.6238698010849909,,,,,
Physical and chemical examination,0.6004366812227074,0.6238698010849909,,,,,
Physical and chemical examination,0.6004366812227074,0.6347197106690777,,,,,
Physical and chemical examination,0.6048034934497817,0.6347197106690777,,,,,
Physical and chemical examination,0.6048034934497817,0.6383363471971067,,,,,
Physical and chemical examination,0.6069868995633187,0.6383363471971067,,,,,
Physical and chemical examination,0.6069868995633187,0.64376130198915,,,,,
Physical and chemical examination,0.6135371179039302,0.64376130198915,,,,,
Physical and chemical examination,0.6135371179039302,0.6455696202531646,,,,,
Physical and chemical examination,0.6200873362445415,0.6455696202531646,,,,,
Physical and chemical examination,0.6200873362445415,0.6473779385171791,,,,,
Physical and chemical examination,0.62882096069869,0.6473779385171791,,,,,
Physical and chemical examination,0.62882096069869,0.6600361663652803,,,,,
Physical and chemical examination,0.6331877729257642,0.6600361663652803,,,,,
Physical and chemical examination,0.6331877729257642,0.6636528028933092,,,,,
Physical and chemical examination,0.6462882096069869,0.6636528028933092,,,,,
Physical and chemical examination,0.6462882096069869,0.6654611211573237,,,,,
Physical and chemical examination,0.648471615720524,0.6654611211573237,,,,,
Physical and chemical examination,0.648471615720524,0.6672694394213382,,,,,
Physical and chemical examination,0.6528384279475983,0.6672694394213382,,,,,
Physical and chemical examination,0.6528384279475983,0.6708860759493671,,,,,
Physical and chemical examination,0.6572052401746725,0.6708860759493671,,,,,
Physical and chemical examination,0.6572052401746725,0.6726943942133815,,,,,
Physical and chemical examination,0.6615720524017468,0.6726943942133815,,,,,
Physical and chemical examination,0.6615720524017468,0.6799276672694394,,,,,
Physical and chemical examination,0.665938864628821,0.6799276672694394,,,,,
Physical and chemical examination,0.665938864628821,0.6817359855334539,,,,,
Physical and chemical examination,0.6724890829694323,0.6817359855334539,,,,,
Physical and chemical examination,0.6724890829694323,0.6835443037974683,,,,,
Physical and chemical examination,0.6768558951965066,0.6835443037974683,,,,,
Physical and chemical examination,0.6768558951965066,0.6871609403254972,,,,,
Physical and chemical examination,0.6790393013100436,0.6871609403254972,,,,,
Physical and chemical examination,0.6790393013100436,0.6907775768535263,,,,,
Physical and chemical examination,0.6834061135371179,0.6907775768535263,,,,,
Physical and chemical examination,0.6834061135371179,0.6943942133815552,,,,,
Physical and chemical examination,0.6855895196506551,0.6943942133815552,,,,,
Physical and chemical examination,0.6855895196506551,0.6962025316455697,,,,,
Physical and chemical examination,0.6899563318777293,0.6962025316455697,,,,,
Physical and chemical examination,0.6899563318777293,0.6980108499095841,,,,,
Physical and chemical examination,0.6921397379912664,0.6980108499095841,,,,,
Physical and chemical examination,0.6921397379912664,0.6998191681735986,,,,,
Physical and chemical examination,0.6943231441048034,0.6998191681735986,,,,,
Physical and chemical examination,0.6943231441048034,0.705244122965642,,,,,
Physical and chemical examination,0.7030567685589519,0.705244122965642,,,,,
Physical and chemical examination,0.7030567685589519,0.7088607594936709,,,,,
Physical and chemical examination,0.7074235807860262,0.7088607594936709,,,,,
Physical and chemical examination,0.7074235807860262,0.7124773960216998,,,,,
Physical and chemical examination,0.7096069868995634,0.7124773960216998,,,,,
Physical and chemical examination,0.7096069868995634,0.7197106690777577,,,,,
Physical and chemical examination,0.7117903930131004,0.7197106690777577,,,,,
Physical and chemical examination,0.7117903930131004,0.7215189873417721,,,,,
Physical and chemical examination,0.7139737991266376,0.7215189873417721,,,,,
Physical and chemical examination,0.7139737991266376,0.7233273056057866,,,,,
Physical and chemical examination,0.722707423580786,0.7233273056057866,,,,,
Physical and chemical examination,0.722707423580786,0.7251356238698011,,,,,
Physical and chemical examination,0.7248908296943232,0.7251356238698011,,,,,
Physical and chemical examination,0.7248908296943232,0.7269439421338155,,,,,
Physical and chemical examination,0.7270742358078602,0.7269439421338155,,,,,
Physical and chemical examination,0.7270742358078602,0.72875226039783,,,,,
Physical and chemical examination,0.7292576419213974,0.72875226039783,,,,,
Physical and chemical examination,0.7292576419213974,0.7305605786618445,,,,,
Physical and chemical examination,0.7314410480349345,0.7305605786618445,,,,,
Physical and chemical examination,0.7314410480349345,0.7323688969258589,,,,,
Physical and chemical examination,0.740174672489083,0.7323688969258589,,,,,
Physical and chemical examination,0.740174672489083,0.7377938517179023,,,,,
Physical and chemical examination,0.74235807860262,0.7377938517179023,,,,,
Physical and chemical examination,0.74235807860262,0.7396021699819169,,,,,
Physical and chemical examination,0.7489082969432315,0.7396021699819169,,,,,
Physical and chemical examination,0.7489082969432315,0.7414104882459313,,,,,
Physical and chemical examination,0.7510917030567685,0.7414104882459313,,,,,
Physical and chemical examination,0.7510917030567685,0.7432188065099458,,,,,
Physical and chemical examination,0.7554585152838428,0.7432188065099458,,,,,
Physical and chemical examination,0.7554585152838428,0.7468354430379747,,,,,
Physical and chemical examination,0.75764192139738,0.7468354430379747,,,,,
Physical and chemical examination,0.75764192139738,0.7504520795660036,,,,,
Physical and chemical examination,0.759825327510917,0.7504520795660036,,,,,
Physical and chemical examination,0.759825327510917,0.7576853526220615,,,,,
Physical and chemical examination,0.7620087336244541,0.7576853526220615,,,,,
Physical and chemical examination,0.7620087336244541,0.7613019891500904,,,,,
Physical and chemical examination,0.7663755458515283,0.7613019891500904,,,,,
Physical and chemical examination,0.7663755458515283,0.7667269439421338,,,,,
Physical and chemical examination,0.7685589519650655,0.7667269439421338,,,,,
Physical and chemical examination,0.7685589519650655,0.7685352622061483,,,,,
Physical and chemical examination,0.7707423580786026,0.7685352622061483,,,,,
Physical and chemical examination,0.7707423580786026,0.7703435804701627,,,,,
Physical and chemical examination,0.7729257641921398,0.7703435804701627,,,,,
Physical and chemical examination,0.7729257641921398,0.7757685352622061,,,,,
Physical and chemical examination,0.7751091703056768,0.7757685352622061,,,,,
Physical and chemical examination,0.7751091703056768,0.7775768535262206,,,,,
Physical and chemical examination,0.777292576419214,0.7775768535262206,,,,,
Physical and chemical examination,0.777292576419214,0.783001808318264,,,,,
Physical and chemical examination,0.7838427947598253,0.783001808318264,,,,,
Physical and chemical examination,0.7838427947598253,0.786618444846293,,,,,
Physical and chemical examination,0.7860262008733624,0.786618444846293,,,,,
Physical and chemical examination,0.7860262008733624,0.7884267631103075,,,,,
Physical and chemical examination,0.7882096069868996,0.7884267631103075,,,,,
Physical and chemical examination,0.7882096069868996,0.7920433996383364,,,,,
Physical and chemical examination,0.7925764192139738,0.7920433996383364,,,,,
Physical and chemical examination,0.7925764192139738,0.7938517179023508,,,,,
Physical and chemical examination,0.7947598253275109,0.7938517179023508,,,,,
Physical and chemical examination,0.7947598253275109,0.7956600361663653,,,,,
Physical and chemical examination,0.7969432314410481,0.7956600361663653,,,,,
Physical and chemical examination,0.7969432314410481,0.8028933092224232,,,,,
Physical and chemical examination,0.8013100436681223,0.8028933092224232,,,,,
Physical and chemical examination,0.8013100436681223,0.8065099457504521,,,,,
Physical and chemical examination,0.8056768558951966,0.8065099457504521,,,,,
Physical and chemical examination,0.8056768558951966,0.810126582278481,,,,,
Physical and chemical examination,0.8078602620087336,0.810126582278481,,,,,
Physical and chemical examination,0.8078602620087336,0.8173598553345389,,,,,
Physical and chemical examination,0.8100436681222707,0.8173598553345389,,,,,
Physical and chemical examination,0.8100436681222707,0.8191681735985533,,,,,
Physical and chemical examination,0.8187772925764192,0.8191681735985533,,,,,
Physical and chemical examination,0.8187772925764192,0.8209764918625678,,,,,
Physical and chemical examination,0.8209606986899564,0.8209764918625678,,,,,
Physical and chemical examination,0.8209606986899564,0.8227848101265823,,,,,
Physical and chemical examination,0.8231441048034934,0.8227848101265823,,,,,
Physical and chemical examination,0.8231441048034934,0.8300180831826401,,,,,
Physical and chemical examination,0.8275109170305677,0.8300180831826401,,,,,
Physical and chemical examination,0.8275109170305677,0.8390596745027125,,,,,
Physical and chemical examination,0.8296943231441049,0.8390596745027125,,,,,
Physical and chemical examination,0.8296943231441049,0.8426763110307414,,,,,
Physical and chemical examination,0.834061135371179,0.8426763110307414,,,,,
Physical and chemical examination,0.834061135371179,0.8481012658227848,,,,,
Physical and chemical examination,0.8362445414847162,0.8481012658227848,,,,,
Physical and chemical examination,0.8362445414847162,0.8499095840867993,,,,,
Physical and chemical examination,0.8384279475982532,0.8499095840867993,,,,,
Physical and chemical examination,0.8384279475982532,0.8517179023508138,,,,,
Physical and chemical examination,0.8406113537117904,0.8517179023508138,,,,,
Physical and chemical examination,0.8406113537117904,0.8535262206148282,,,,,
Physical and chemical examination,0.8471615720524017,0.8535262206148282,,,,,
Physical and chemical examination,0.8471615720524017,0.8589511754068716,,,,,
Physical and chemical examination,0.8537117903930131,0.8589511754068716,,,,,
Physical and chemical examination,0.8537117903930131,0.8607594936708861,,,,,
Physical and chemical examination,0.8558951965065502,0.8607594936708861,,,,,
Physical and chemical examination,0.8558951965065502,0.8661844484629295,,,,,
Physical and chemical examination,0.8580786026200873,0.8661844484629295,,,,,
Physical and chemical examination,0.8580786026200873,0.8679927667269439,,,,,
Physical and chemical examination,0.8602620087336245,0.8679927667269439,,,,,
Physical and chemical examination,0.8602620087336245,0.8716094032549728,,,,,
Physical and chemical examination,0.8668122270742358,0.8716094032549728,,,,,
Physical and chemical examination,0.8995633187772926,0.8860759493670886,,,,,
Physical and chemical examination,0.9061135371179039,0.8860759493670886,,,,,
Physical and chemical examination,0.9061135371179039,0.8933092224231465,,,,,
Physical and chemical examination,0.9082969432314411,0.8933092224231465,,,,,
Physical and chemical examination,0.9082969432314411,0.8969258589511754,,,,,
Physical and chemical examination,0.9104803493449781,0.8969258589511754,,,,,
Physical and chemical examination,0.9104803493449781,0.9023508137432188,,,,,
Physical and chemical examination,0.9192139737991266,0.9023508137432188,,,,,
Physical and chemical examination,0.9192139737991266,0.9041591320072333,,,,,
Physical and chemical examination,0.9213973799126638,0.9041591320072333,,,,,
Physical and chemical examination,0.9213973799126638,0.9077757685352622,,,,,
Physical and chemical examination,0.9235807860262009,0.9077757685352622,,,,,
Physical and chemical examination,0.9235807860262009,0.9113924050632911,,,,,
Physical and chemical examination,0.925764192139738,0.9113924050632911,,,,,
Physical and chemical examination,0.925764192139738,0.9150090415913201,,,,,
Physical and chemical examination,0.9301310043668122,0.9150090415913201,,,,,
Physical and chemical examination,0.9301310043668122,0.9240506329113924,,,,,
Physical and chemical examination,0.9323144104803494,0.9240506329113924,,,,,
Physical and chemical examination,0.9323144104803494,0.9294755877034359,,,,,
Physical and chemical examination,0.9344978165938864,0.9294755877034359,,,,,
Physical and chemical examination,0.9344978165938864,0.9312839059674503,,,,,
Physical and chemical examination,0.9366812227074236,0.9312839059674503,,,,,
Physical and chemical examination,0.9366812227074236,0.9403254972875226,,,,,
Physical and chemical examination,0.9388646288209607,0.9403254972875226,,,,,
Physical and chemical examination,0.9388646288209607,0.9439421338155516,,,,,
Physical and chemical examination,0.9454148471615721,0.9439421338155516,,,,,
Physical and chemical examination,0.9454148471615721,0.9475587703435805,,,,,
Physical and chemical examination,0.9475982532751092,0.9475587703435805,,,,,
Physical and chemical examination,0.9475982532751092,0.9511754068716094,,,,,
Physical and chemical examination,0.9563318777292577,0.9511754068716094,,,,,
Physical and chemical examination,0.9563318777292577,0.9529837251356239,,,,,
Physical and chemical examination,0.9606986899563319,0.9529837251356239,,,,,
Physical and chemical examination,0.9606986899563319,0.9547920433996383,,,,,
Physical and chemical examination,0.9672489082969432,0.9547920433996383,,,,,
Physical and chemical examination,0.9672489082969432,0.9584086799276673,,,,,
Physical and chemical examination,0.9694323144104804,0.9584086799276673,,,,,
Physical and chemical examination,0.9694323144104804,0.9620253164556962,,,,,
Physical and chemical examination,0.9716157205240175,0.9620253164556962,,,,,
Physical and chemical examination,0.9716157205240175,0.972875226039783,,,,,
Physical and chemical examination,0.9759825327510917,0.972875226039783,,,,,
Physical and chemical examination,0.9759825327510917,0.976491862567812,,,,,
Physical and chemical examination,0.980349344978166,0.976491862567812,,,,,
Physical and chemical examination,0.980349344978166,0.9819168173598554,,,,,
Physical and chemical examination,0.9847161572052402,0.9819168173598554,,,,,
Physical and chemical examination,0.9847161572052402,0.9891500904159132,,,,,
Physical and chemical examination,0.9890829694323144,0.9891500904159132,,,,,
Physical and chemical examination,0.9890829694323144,0.9927667269439421,,,,,
Physical and chemical examination,0.9934497816593887,0.9927667269439421,,,,,
Physical and chemical examination,0.9934497816593887,0.9945750452079566,,,,,
Physical and chemical examination,1.0,0.9945750452079566,,,,,
Physical and chemical examination,1.0,1.0,,,,,
